pair_id,MQ,family,n_annotations,winner,margin,raw,order_consistent,path_A,path_B
mqp_5000002,B,S-S,3,b,-1.0,"['2', '1']",True,bench_results/bench001/M2/cosmos_super/mq_000b1d562946__cosmos_super__s42.mp4,bench_results/bench001/M3/ltx/mq_000b1d562946__ltx__s44.mp4
mqp_5000029,AA,M-S,3,a,1.0,"['1', '2']",True,bench_results/bench001/M2/cosmos_super/mq_002d7a5858b2__cosmos_super__s42.mp4,bench_results/bench001/M2/cosmos_nano/mq_002d7a5858b2__cosmos_nano__s44.mp4
mqp_5000060,BB,W-M,3,b,-1.0,"['2', '1']",True,bench_results/bench001/M3/cogvideox/mq_007d9b95eb7e__cogvideox__s42.mp4,bench_results/bench001/M2/cosmos_nano/mq_007d9b95eb7e__cosmos_nano__s44.mp4
mqp_5000063,B,W-S,3,tie,0.0,"['2', '2']",False,bench_results/bench001/M3/wan5b/mq_007d9b95eb7e__wan5b__s44.mp4,bench_results/bench001/M1/wan14b/mq_007d9b95eb7e__wan14b__s44.mp4
mqp_5000065,A,W-S,3,tie,0.0,"['2', '2']",False,bench_results/bench001/M3/ltx/mq_008347a3e636__ltx__s44.mp4,bench_results/bench001/M3/cogvideox/mq_008347a3e636__cogvideox__s44.mp4
mqp_5000073,A,M-S,3,tie,0.0,"['1', '1']",False,bench_results/bench001/N1/videos/mq_0089396f87e7__pangu__s43.mp4,bench_results/bench001/M1/wan14b/mq_0089396f87e7__wan14b__s44.mp4
mqp_5000088,same,M-M,3,a,1.0,"['1', '2']",True,bench_results/bench001/N1/videos/mq_009cf0712134__pangu__s42.mp4,bench_results/bench001/M2/cosmos_nano/mq_009cf0712134__cosmos_nano__s43.mp4
mqp_5000091,same,seed,3,b,-1.0,"['2', '1']",True,bench_results/bench001/M3/ltx/mq_009cf0712134__ltx__s42.mp4,bench_results/bench001/M3/ltx/mq_009cf0712134__ltx__s43.mp4
mqp_5000093,same,S-S,3,b,-1.0,"['2', '1']",True,bench_results/bench001/M3/ltx/mq_00a08f31a9e3__ltx__s44.mp4,bench_results/bench001/M1/wan14b/mq_00a08f31a9e3__wan14b__s43.mp4
mqp_5000094,A,seed,3,tie,0.0,"['1', '1']",False,bench_results/bench001/M2/cosmos_super/mq_00a08f31a9e3__cosmos_super__s44.mp4,bench_results/bench001/M2/cosmos_super/mq_00a08f31a9e3__cosmos_super__s42.mp4
mqp_5000097,same,M-S,3,tie,0.0,"['1', '1']",False,bench_results/bench001/N1/videos/mq_00a0922ceb3f__pangu__s42.mp4,bench_results/bench001/M1/hunyuan/mq_00a0922ceb3f__hunyuan__s42.mp4
mqp_5000104,BB,S-S,3,tie,0.0,"['1', '1']",False,bench_results/bench001/M1/wan14b/mq_00b40fedeb76__wan14b__s42.mp4,bench_results/bench001/M2/cosmos_super/mq_00b40fedeb76__cosmos_super__s43.mp4
mqp_5000119,same,seed,3,tie,0.0,"['1', '1']",False,bench_results/bench001/M3/cogvideox/mq_00c11eb6ed68__cogvideox__s43.mp4,bench_results/bench001/M3/cogvideox/mq_00c11eb6ed68__cogvideox__s42.mp4
mqp_5000135,A,S-S,3,tie,0.0,"['2', '2']",False,bench_results/bench001/M2/cosmos_super/mq_00fd3e53d915__cosmos_super__s42.mp4,bench_results/bench001/M3/wan14b/mq_00fd3e53d915__wan14b__s42.mp4
mqp_5000145,BB,W-M,3,b,-1.0,"['2', '1']",True,bench_results/bench001/M3/wan5b/mq_011f08dbb536__wan5b__s42.mp4,bench_results/bench001/N1/videos/mq_011f08dbb536__pangu__s43.mp4
mqp_5000146,same,seed,3,a,1.0,"['1', '2']",True,bench_results/bench001/M2/cosmos_nano/mq_011f08dbb536__cosmos_nano__s44.mp4,bench_results/bench001/M2/cosmos_nano/mq_011f08dbb536__cosmos_nano__s42.mp4
mqp_5000151,A,W-M,3,a,1.0,"['1', '2']",True,bench_results/bench001/N1/videos/mq_012c7d1fc39d__pangu__s44.mp4,bench_results/bench001/M3/cogvideox/mq_012c7d1fc39d__cogvideox__s44.mp4
mqp_5000153,BB,M-S,3,b,-1.0,"['2', '1']",True,bench_results/bench001/M2/cosmos_nano/mq_013083229026__cosmos_nano__s43.mp4,bench_results/bench001/M2/cosmos_super/mq_013083229026__cosmos_super__s44.mp4
mqp_5000160,A,S-S,3,a,1.0,"['1', '2']",True,bench_results/bench001/M1/hunyuan/mq_015769228129__hunyuan__s43.mp4,bench_results/bench001/M2/cosmos_super/mq_015769228129__cosmos_super__s42.mp4
mqp_5000165,BB,W-S,3,b,-1.0,"['2', '1']",True,bench_results/bench001/M3/wan5b/mq_01596e39bf31__wan5b__s42.mp4,bench_results/bench001/M3/wan14b/mq_01596e39bf31__wan14b__s44.mp4
mqp_5000168,same,M-S,3,a,1.0,"['1', '2']",True,bench_results/bench001/M1/hunyuan/mq_015ff2cc651a__hunyuan__s44.mp4,bench_results/bench001/M2/cosmos_nano/mq_015ff2cc651a__cosmos_nano__s44.mp4
mqp_5000181,A,W-M,3,tie,0.0,"['2', '2']",False,bench_results/bench001/N1/videos/mq_017f41b97bfc__pangu__s44.mp4,bench_results/bench001/M3/wan5b/mq_017f41b97bfc__wan5b__s43.mp4
mqp_5000182,BB,S-S,3,b,-1.0,"['2', '1']",True,bench_results/bench001/M3/ltx/mq_017f41b97bfc__ltx__s43.mp4,bench_results/bench001/M1/hunyuan/mq_017f41b97bfc__hunyuan__s43.mp4
mqp_5000197,B,W-S,3,a,1.0,"['1', '2']",True,bench_results/bench001/M3/cogvideox/mq_01b263da40c2__cogvideox__s44.mp4,bench_results/bench001/M2/cosmos_super/mq_01b263da40c2__cosmos_super__s42.mp4
mqp_5000207,B,W-M,3,a,1.0,"['1', '2']",True,bench_results/bench001/M3/cogvideox/mq_01d9a4759bb7__cogvideox__s42.mp4,bench_results/bench001/N1/videos/mq_01d9a4759bb7__pangu__s44.mp4
mqp_5000219,A,W-S,3,b,-1.0,"['2', '1']",True,bench_results/bench001/M4/mq_01e6ea02f69e__wan14b__s43.mp4,bench_results/bench001/M3/wan5b/mq_01e6ea02f69e__wan5b__s42.mp4
mqp_5000239,BB,W-M,3,a,1.0,"['1', '2']",True,bench_results/bench001/M3/cogvideox/mq_01f167ce7522__cogvideox__s44.mp4,bench_results/bench001/M2/cosmos_nano/mq_01f167ce7522__cosmos_nano__s43.mp4
mqp_5000243,same,seed,3,a,1.0,"['1', '2']",True,bench_results/bench001/M1/hunyuan/mq_01f469e04e62__hunyuan__s44.mp4,bench_results/bench001/M1/hunyuan/mq_01f469e04e62__hunyuan__s43.mp4
mqp_5000251,B,M-S,3,tie,0.0,"['1', '1']",False,bench_results/bench001/N1/videos/mq_021e1f30cac5__pangu__s43.mp4,bench_results/bench001/M4/mq_021e1f30cac5__wan14b__s43.mp4
mqp_5000257,same,seed,3,tie,0.0,"['1', '1']",False,bench_results/bench001/N1/videos/mq_0228b6901987__pangu__s44.mp4,bench_results/bench001/N1/videos/mq_0228b6901987__pangu__s42.mp4
mqp_5000286,A,S-S,3,b,-1.0,"['2', '1']",True,bench_results/bench001/M4/mq_024c1bee160a__wan14b__s43.mp4,bench_results/bench001/M2/cosmos_super/mq_024c1bee160a__cosmos_super__s43.mp4
mqp_5000291,AA,M-S,3,tie,0.0,"['1', '1']",False,bench_results/bench001/M2/cosmos_nano/mq_0263f528d6fa__cosmos_nano__s42.mp4,bench_results/bench001/M4/mq_0263f528d6fa__wan14b__s42.mp4
mqp_5000293,same,seed,3,tie,0.0,"['1', '1']",False,bench_results/bench001/M3/cogvideox/mq_026b7d7e96fc__cogvideox__s43.mp4,bench_results/bench001/M3/cogvideox/mq_026b7d7e96fc__cogvideox__s44.mp4
mqp_5000298,B,W-S,3,a,1.0,"['1', '2']",True,bench_results/bench001/M3/wan5b/mq_026bbfef06ad__wan5b__s42.mp4,bench_results/bench001/M2/cosmos_super/mq_026bbfef06ad__cosmos_super__s42.mp4
mqp_5000301,same,seed,3,b,-1.0,"['2', '1']",True,bench_results/bench001/M3/ltx/mq_02720ee3b3e5__ltx__s43.mp4,bench_results/bench001/M3/ltx/mq_02720ee3b3e5__ltx__s44.mp4
mqp_5000316,same,M-S,3,a,1.0,"['1', '2']",True,bench_results/bench001/N1/videos/mq_029bb8a68f79__pangu__s44.mp4,bench_results/bench001/M2/cosmos_super/mq_029bb8a68f79__cosmos_super__s44.mp4
mqp_5000318,A,S-S,3,a,1.0,"['1', '2']",True,bench_results/bench001/M2/cosmos_super/mq_029bb8a68f79__cosmos_super__s43.mp4,bench_results/bench001/M3/ltx/mq_029bb8a68f79__ltx__s42.mp4
mqp_5000327,AA,seed,3,a,1.0,"['1', '2']",True,bench_results/bench001/N1/videos/mq_02a555bd69e5__pangu__s42.mp4,bench_results/bench001/N1/videos/mq_02a555bd69e5__pangu__s43.mp4
mqp_5000337,AA,W-M,3,a,1.0,"['1', '2']",True,bench_results/bench001/M2/cosmos_nano/mq_02ce595ca32d__cosmos_nano__s42.mp4,bench_results/bench001/M3/wan5b/mq_02ce595ca32d__wan5b__s44.mp4
mqp_5000338,same,seed,3,b,-1.0,"['2', '1']",True,bench_results/bench001/M3/ltx/mq_02ce595ca32d__ltx__s43.mp4,bench_results/bench001/M3/ltx/mq_02ce595ca32d__ltx__s42.mp4
mqp_5000350,same,seed,3,tie,0.0,"['1', '1']",False,bench_results/bench001/M1/hunyuan/mq_02d9e059f5fc__hunyuan__s43.mp4,bench_results/bench001/M1/hunyuan/mq_02d9e059f5fc__hunyuan__s44.mp4
mqp_5000354,same,S-S,3,a,1.0,"['1', '2']",True,bench_results/bench001/M4/mq_02df968239e4__wan14b__s42.mp4,bench_results/bench001/M2/cosmos_super/mq_02df968239e4__cosmos_super__s43.mp4
mqp_5000362,AA,W-S,3,a,1.0,"['1', '2']",True,bench_results/bench001/M4/mq_02f841eb4aa7__wan14b__s44.mp4,bench_results/bench001/M3/cogvideox/mq_02f841eb4aa7__cogvideox__s44.mp4
mqp_5000384,same,S-S,3,a,1.0,"['1', '2']",True,bench_results/bench001/M4/mq_032d989bede1__wan14b__s43.mp4,bench_results/bench001/M3/ltx/mq_032d989bede1__ltx__s44.mp4
mqp_5000394,BB,S-S,3,b,-1.0,"['2', '1']",True,bench_results/bench001/M4/mq_033b10807be2__wan14b__s42.mp4,bench_results/bench001/M1/hunyuan/mq_033b10807be2__hunyuan__s44.mp4
mqp_5000401,B,M-S,3,a,1.0,"['1', '2']",True,bench_results/bench001/M2/cosmos_nano/mq_0342b4b29624__cosmos_nano__s44.mp4,bench_results/bench001/M2/cosmos_super/mq_0342b4b29624__cosmos_super__s42.mp4
mqp_5000404,B,M-M,3,b,-1.0,"['2', '1']",True,bench_results/bench001/M2/cosmos_nano/mq_0347412ba242__cosmos_nano__s42.mp4,bench_results/bench001/N1/videos/mq_0347412ba242__pangu__s44.mp4
mqp_5000412,same,seed,3,a,1.0,"['1', '2']",True,bench_results/bench001/M3/cogvideox/mq_034dcf3b2b9d__cogvideox__s43.mp4,bench_results/bench001/M3/cogvideox/mq_034dcf3b2b9d__cogvideox__s44.mp4
mqp_5000425,A,W-S,3,b,-1.0,"['2', '1']",True,bench_results/bench001/M1/hunyuan/mq_036ed3762a44__hunyuan__s44.mp4,bench_results/bench001/M3/wan5b/mq_036ed3762a44__wan5b__s44.mp4
mqp_5000450,AA,seed,3,b,-1.0,"['2', '1']",True,bench_results/bench001/M4/mq_03b14157feb7__wan14b__s42.mp4,bench_results/bench001/M4/mq_03b14157feb7__wan14b__s44.mp4
mqp_5000457,same,seed,3,b,-1.0,"['2', '1']",True,bench_results/bench001/M3/ltx/mq_03b30665495e__ltx__s43.mp4,bench_results/bench001/M3/ltx/mq_03b30665495e__ltx__s44.mp4
mqp_5000459,same,seed,3,a,1.0,"['1', '2']",True,bench_results/bench001/M3/wan5b/mq_03b30665495e__wan5b__s44.mp4,bench_results/bench001/M3/wan5b/mq_03b30665495e__wan5b__s42.mp4
mqp_5000461,A,S-S,3,b,-1.0,"['2', '1']",True,bench_results/bench001/M3/ltx/mq_03bd8ed8f763__ltx__s43.mp4,bench_results/bench001/M2/cosmos_super/mq_03bd8ed8f763__cosmos_super__s44.mp4
mqp_5000462,B,S-S,3,a,1.0,"['1', '2']",True,bench_results/bench001/M3/ltx/mq_03bd8ed8f763__ltx__s42.mp4,bench_results/bench001/M1/hunyuan/mq_03bd8ed8f763__hunyuan__s42.mp4
mqp_5000464,same,seed,3,b,-1.0,"['2', '1']",True,bench_results/bench001/M3/ltx/mq_03c35c24da45__ltx__s44.mp4,bench_results/bench001/M3/ltx/mq_03c35c24da45__ltx__s43.mp4
mqp_5000472,AA,W-S,3,a,1.0,"['1', '2']",True,bench_results/bench001/M1/hunyuan/mq_03ca3a9bb4d2__hunyuan__s44.mp4,bench_results/bench001/M3/cogvideox/mq_03ca3a9bb4d2__cogvideox__s43.mp4
mqp_5000497,B,S-S,3,a,1.0,"['1', '2']",True,bench_results/bench001/M3/ltx/mq_03fbfcd1c59f__ltx__s44.mp4,bench_results/bench001/M1/hunyuan/mq_03fbfcd1c59f__hunyuan__s42.mp4
mqp_5000509,A,S-S,3,b,-1.0,"['2', '1']",True,bench_results/bench001/M2/cosmos_super/mq_040572056036__cosmos_super__s42.mp4,bench_results/bench001/M3/ltx/mq_040572056036__ltx__s43.mp4
mqp_5000535,same,S-S,3,a,1.0,"['1', '2']",True,bench_results/bench001/M1/hunyuan/mq_04337a81a079__hunyuan__s44.mp4,bench_results/bench001/M4/mq_04337a81a079__wan14b__s42.mp4
mqp_5000564,A,M-S,3,a,1.0,"['1', '2']",True,bench_results/bench001/M2/cosmos_nano/mq_04686f89b401__cosmos_nano__s42.mp4,bench_results/bench001/M2/cosmos_super/mq_04686f89b401__cosmos_super__s44.mp4
mqp_5000570,AA,S-S,3,a,1.0,"['1', '2']",True,bench_results/bench001/M4/mq_046faa3f186b__wan14b__s44.mp4,bench_results/bench001/M3/ltx/mq_046faa3f186b__ltx__s43.mp4
mqp_5000578,BB,M-S,3,tie,0.0,"['1', '1']",False,bench_results/bench001/N2/videos/mq_0479bd7182f2__pangu__s42.mp4,bench_results/bench001/M4/mq_0479bd7182f2__wan14b__s43.mp4
mqp_5000609,A,seed,3,tie,0.0,"['1', '1']",False,bench_results/bench001/N2/videos/mq_04b50c194d2f__pangu__s43.mp4,bench_results/bench001/N2/videos/mq_04b50c194d2f__pangu__s44.mp4
mqp_5000610,same,M-S,3,tie,0.0,"['1', '1']",False,bench_results/bench001/M2/cosmos_nano/mq_04b50c194d2f__cosmos_nano__s44.mp4,bench_results/bench001/M2/cosmos_super/mq_04b50c194d2f__cosmos_super__s44.mp4
mqp_5000613,BB,S-S,3,tie,0.0,"['2', '2']",False,bench_results/bench001/M2/cosmos_super/mq_04ba85753ede__cosmos_super__s43.mp4,bench_results/bench001/M1/hunyuan/mq_04ba85753ede__hunyuan__s43.mp4
mqp_5000616,same,seed,3,tie,0.0,"['1', '1']",False,bench_results/bench001/M4/mq_04baa030570b__wan14b__s42.mp4,bench_results/bench001/M4/mq_04baa030570b__wan14b__s44.mp4
mqp_5000622,B,W-S,3,tie,0.0,"['1', '1']",False,bench_results/bench001/M3/wan5b/mq_04c4f3cc3b10__wan5b__s44.mp4,bench_results/bench001/M2/cosmos_super/mq_04c4f3cc3b10__cosmos_super__s43.mp4
mqp_5000632,same,seed,3,a,1.0,"['1', '2']",True,bench_results/bench001/M3/cogvideox/mq_04d691e639c4__cogvideox__s42.mp4,bench_results/bench001/M3/cogvideox/mq_04d691e639c4__cogvideox__s44.mp4
mqp_5000640,A,W-M,3,a,1.0,"['1', '2']",True,bench_results/bench001/M2/cosmos_nano/mq_04db3a6a5ee5__cosmos_nano__s43.mp4,bench_results/bench001/M3/cogvideox/mq_04db3a6a5ee5__cogvideox__s42.mp4
mqp_5000642,B,W-S,3,tie,0.0,"['1', '1']",False,bench_results/bench001/M3/cogvideox/mq_04db3a6a5ee5__cogvideox__s43.mp4,bench_results/bench001/M1/hunyuan/mq_04db3a6a5ee5__hunyuan__s43.mp4
mqp_5000644,same,seed,3,tie,0.0,"['1', '1']",False,bench_results/bench001/N2/videos/mq_04e45c4869b7__pangu__s42.mp4,bench_results/bench001/N2/videos/mq_04e45c4869b7__pangu__s44.mp4
mqp_5000652,BB,M-S,3,b,-1.0,"['2', '1']",True,bench_results/bench001/M2/cosmos_nano/mq_04f2a074c85a__cosmos_nano__s44.mp4,bench_results/bench001/M1/hunyuan/mq_04f2a074c85a__hunyuan__s42.mp4
mqp_5000657,same,seed,3,a,1.0,"['1', '2']",True,bench_results/bench001/M2/cosmos_super/mq_04f2ecedd35d__cosmos_super__s43.mp4,bench_results/bench001/M2/cosmos_super/mq_04f2ecedd35d__cosmos_super__s44.mp4
mqp_5000662,A,W-S,3,a,1.0,"['1', '2']",True,bench_results/bench001/M3/wan5b/mq_04fe719dfa25__wan5b__s44.mp4,bench_results/bench001/M4/mq_04fe719dfa25__wan14b__s42.mp4
mqp_5000664,A,W-M,3,a,1.0,"['1', '2']",True,bench_results/bench001/N2/videos/mq_04fe8d764d27__pangu__s43.mp4,bench_results/bench001/M3/wan5b/mq_04fe8d764d27__wan5b__s43.mp4
mqp_5000666,A,W-S,3,tie,0.0,"['1', '1']",False,bench_results/bench001/M1/hunyuan/mq_04fe8d764d27__hunyuan__s43.mp4,bench_results/bench001/M3/wan5b/mq_04fe8d764d27__wan5b__s44.mp4
mqp_5000668,same,W-M,3,b,-1.0,"['2', '1']",True,bench_results/bench001/M2/cosmos_nano/mq_050ca6e97626__cosmos_nano__s43.mp4,bench_results/bench001/M3/wan5b/mq_050ca6e97626__wan5b__s42.mp4
mqp_5000672,same,seed,3,tie,0.0,"['1', '1']",False,bench_results/bench001/M3/ltx/mq_054808db16cd__ltx__s44.mp4,bench_results/bench001/M3/ltx/mq_054808db16cd__ltx__s42.mp4
mqp_5000682,A,M-S,3,b,-1.0,"['2', '1']",True,bench_results/bench001/M2/cosmos_super/mq_0550971ee315__cosmos_super__s42.mp4,bench_results/bench001/N2/videos/mq_0550971ee315__pangu__s44.mp4
mqp_5000691,BB,W-S,3,b,-1.0,"['2', '1']",True,bench_results/bench001/M3/cogvideox/mq_055eac3d24f3__cogvideox__s44.mp4,bench_results/bench001/M3/ltx/mq_055eac3d24f3__ltx__s42.mp4
mqp_5000698,same,M-S,3,b,-1.0,"['2', '1']",True,bench_results/bench001/M3/ltx/mq_056dfaa110c4__ltx__s42.mp4,bench_results/bench001/N2/videos/mq_056dfaa110c4__pangu__s42.mp4
mqp_5000705,same,S-S,3,b,-1.0,"['2', '1']",True,bench_results/bench001/M2/cosmos_super/mq_05875618cc9c__cosmos_super__s44.mp4,bench_results/bench001/M1/hunyuan/mq_05875618cc9c__hunyuan__s42.mp4
mqp_5000726,B,seed,3,a,1.0,"['1', '2']",True,bench_results/bench001/M2/cosmos_nano/mq_05e0af8ed5f4__cosmos_nano__s43.mp4,bench_results/bench001/M2/cosmos_nano/mq_05e0af8ed5f4__cosmos_nano__s42.mp4
mqp_5000731,A,M-S,3,tie,0.0,"['1', '1']",False,bench_results/bench001/M2/cosmos_super/mq_05ecd394ca85__cosmos_super__s43.mp4,bench_results/bench001/M2/cosmos_nano/mq_05ecd394ca85__cosmos_nano__s44.mp4
mqp_5000738,A,W-S,3,a,1.0,"['1', '2']",True,bench_results/bench001/M2/cosmos_super/mq_05f152365c08__cosmos_super__s44.mp4,bench_results/bench001/M3/cogvideox/mq_05f152365c08__cogvideox__s43.mp4
mqp_5000748,same,seed,3,tie,0.0,"['1', '1']",False,bench_results/bench001/M2/cosmos_super/mq_05fa168df64c__cosmos_super__s44.mp4,bench_results/bench001/M2/cosmos_super/mq_05fa168df64c__cosmos_super__s43.mp4
mqp_5000751,same,W-M,3,a,1.0,"['1', '2']",True,bench_results/bench001/M2/cosmos_nano/mq_05fa168df64c__cosmos_nano__s44.mp4,bench_results/bench001/M3/wan5b/mq_05fa168df64c__wan5b__s43.mp4
mqp_5000767,A,W-M,3,a,1.0,"['1', '2']",True,bench_results/bench001/N2/videos/mq_0609863ee713__pangu__s42.mp4,bench_results/bench001/M3/cogvideox/mq_0609863ee713__cogvideox__s44.mp4
mqp_5000776,same,M-S,3,b,-1.0,"['2', '1']",True,bench_results/bench001/M3/ltx/mq_061dd9c91718__ltx__s42.mp4,bench_results/bench001/M2/cosmos_nano/mq_061dd9c91718__cosmos_nano__s43.mp4
mqp_5000791,B,M-S,3,b,-1.0,"['2', '1']",True,bench_results/bench001/M2/cosmos_super/mq_0633b1c93ed5__cosmos_super__s43.mp4,bench_results/bench001/M2/cosmos_nano/mq_0633b1c93ed5__cosmos_nano__s44.mp4
mqp_5000797,same,seed,3,b,-1.0,"['2', '1']",True,bench_results/bench001/M3/wan5b/mq_064be72ce080__wan5b__s42.mp4,bench_results/bench001/M3/wan5b/mq_064be72ce080__wan5b__s44.mp4
mqp_5000801,B,M-S,3,a,1.0,"['1', '2']",True,bench_results/bench001/N2/videos/mq_0665cbd87927__pangu__s42.mp4,bench_results/bench001/M2/cosmos_super/mq_0665cbd87927__cosmos_super__s43.mp4
mqp_5000810,same,W-W,3,b,-1.0,"['2', '1']",True,bench_results/bench001/M3/cogvideox/mq_067a5e947be9__cogvideox__s44.mp4,bench_results/bench001/M3/wan5b/mq_067a5e947be9__wan5b__s43.mp4
mqp_5000821,BB,S-S,3,a,1.0,"['1', '2']",True,bench_results/bench001/M3/ltx/mq_06b4360823c1__ltx__s42.mp4,bench_results/bench001/M2/cosmos_super/mq_06b4360823c1__cosmos_super__s44.mp4
mqp_5000826,A,seed,3,b,-1.0,"['2', '1']",True,bench_results/bench001/M4/mq_06c08fdea436__wan14b__s42.mp4,bench_results/bench001/M4/mq_06c08fdea436__wan14b__s43.mp4
mqp_5000834,B,S-S,3,a,1.0,"['1', '2']",True,bench_results/bench001/M4/mq_06dcc44d29bf__wan14b__s42.mp4,bench_results/bench001/M3/ltx/mq_06dcc44d29bf__ltx__s44.mp4
mqp_5000848,B,M-S,3,a,1.0,"['1', '2']",True,bench_results/bench001/M2/cosmos_nano/mq_071096fd9ea6__cosmos_nano__s44.mp4,bench_results/bench001/M3/ltx/mq_071096fd9ea6__ltx__s43.mp4
mqp_5000856,A,W-S,3,a,1.0,"['1', '2']",True,bench_results/bench001/M2/cosmos_super/mq_071892ada1ba__cosmos_super__s44.mp4,bench_results/bench001/M3/wan5b/mq_071892ada1ba__wan5b__s43.mp4
mqp_5000863,same,S-S,3,tie,0.0,"['1', '1']",False,bench_results/bench001/M3/ltx/mq_07207ff0c955__ltx__s42.mp4,bench_results/bench001/M1/hunyuan/mq_07207ff0c955__hunyuan__s42.mp4
mqp_5000865,same,seed,3,b,-1.0,"['2', '1']",True,bench_results/bench001/M3/wan5b/mq_072ef93098cd__wan5b__s42.mp4,bench_results/bench001/M3/wan5b/mq_072ef93098cd__wan5b__s44.mp4
mqp_5000869,AA,W-S,3,a,1.0,"['1', '2']",True,bench_results/bench001/M3/ltx/mq_07310d9b3ebf__ltx__s44.mp4,bench_results/bench001/M3/cogvideox/mq_07310d9b3ebf__cogvideox__s42.mp4
mqp_5000870,same,W-M,3,b,-1.0,"['2', '1']",True,bench_results/bench001/M3/wan5b/mq_07310d9b3ebf__wan5b__s43.mp4,bench_results/bench001/M2/cosmos_nano/mq_07310d9b3ebf__cosmos_nano__s44.mp4
mqp_5000875,B,W-S,3,b,-1.0,"['2', '1']",True,bench_results/bench001/M3/wan5b/mq_07368f084c23__wan5b__s44.mp4,bench_results/bench001/M3/ltx/mq_07368f084c23__ltx__s42.mp4
mqp_5000876,B,seed,3,b,-1.0,"['2', '1']",True,bench_results/bench001/M3/ltx/mq_073fbb44d500__ltx__s44.mp4,bench_results/bench001/M3/ltx/mq_073fbb44d500__ltx__s42.mp4
mqp_5000879,A,S-S,3,a,1.0,"['1', '2']",True,bench_results/bench001/M3/ltx/mq_073fbb44d500__ltx__s43.mp4,bench_results/bench001/M4/mq_073fbb44d500__wan14b__s44.mp4
mqp_5000888,B,M-S,3,b,-1.0,"['2', '1']",True,bench_results/bench001/N2/videos/mq_074a46b998d5__pangu__s42.mp4,bench_results/bench001/M3/ltx/mq_074a46b998d5__ltx__s44.mp4
mqp_5000891,same,M-M,3,a,1.0,"['1', '2']",True,bench_results/bench001/M2/cosmos_nano/mq_074a46b998d5__cosmos_nano__s44.mp4,bench_results/bench001/N2/videos/mq_074a46b998d5__pangu__s43.mp4
mqp_5000915,A,W-M,3,b,-1.0,"['2', '1']",True,bench_results/bench001/M2/cosmos_nano/mq_07a4832576f1__cosmos_nano__s44.mp4,bench_results/bench001/M3/cogvideox/mq_07a4832576f1__cogvideox__s42.mp4
mqp_5000916,AA,W-S,3,b,-1.0,"['2', '1']",True,bench_results/bench001/M3/ltx/mq_07aa6435dd77__ltx__s42.mp4,bench_results/bench001/M3/cogvideox/mq_07aa6435dd77__cogvideox__s44.mp4
mqp_5000918,B,M-S,3,a,1.0,"['1', '2']",True,bench_results/bench001/N2/videos/mq_07aa6435dd77__pangu__s42.mp4,bench_results/bench001/M3/ltx/mq_07aa6435dd77__ltx__s42.mp4
mqp_5000920,A,S-S,3,tie,0.0,"['1', '1']",False,bench_results/bench001/M3/ltx/mq_07b70353dea6__ltx__s44.mp4,bench_results/bench001/M4/mq_07b70353dea6__wan14b__s42.mp4
mqp_5000923,B,W-S,3,b,-1.0,"['2', '1']",True,bench_results/bench001/M4/mq_07b70353dea6__wan14b__s44.mp4,bench_results/bench001/M3/wan5b/mq_07b70353dea6__wan5b__s44.mp4
mqp_5000926,BB,S-S,3,a,1.0,"['1', '2']",True,bench_results/bench001/M4/mq_07ba6a048817__wan14b__s43.mp4,bench_results/bench001/M2/cosmos_super/mq_07ba6a048817__cosmos_super__s42.mp4
mqp_5000927,same,seed,3,b,-1.0,"['2', '1']",True,bench_results/bench001/M3/wan5b/mq_07ba6a048817__wan5b__s43.mp4,bench_results/bench001/M3/wan5b/mq_07ba6a048817__wan5b__s42.mp4
mqp_5000939,same,W-S,3,tie,0.0,"['1', '1']",False,bench_results/bench001/M2/cosmos_super/mq_07e9822a8d02__cosmos_super__s43.mp4,bench_results/bench001/M3/cogvideox/mq_07e9822a8d02__cogvideox__s42.mp4
mqp_5000951,A,M-S,3,a,1.0,"['1', '2']",True,bench_results/bench001/M4/mq_07f2d3bf6028__wan14b__s43.mp4,bench_results/bench001/M2/cosmos_nano/mq_07f2d3bf6028__cosmos_nano__s44.mp4
mqp_5000963,BB,seed,3,tie,0.0,"['1', '1']",False,bench_results/bench001/M3/ltx/mq_082dc0bd570e__ltx__s43.mp4,bench_results/bench001/M3/ltx/mq_082dc0bd570e__ltx__s44.mp4
mqp_5000967,AA,W-W,3,a,1.0,"['1', '2']",True,bench_results/bench001/M3/wan5b/mq_08302fd96a1c__wan5b__s44.mp4,bench_results/bench001/M3/cogvideox/mq_08302fd96a1c__cogvideox__s42.mp4
mqp_5000971,A,seed,3,b,-1.0,"['2', '1']",True,bench_results/bench001/M2/cosmos_nano/mq_083ef787f9df__cosmos_nano__s44.mp4,bench_results/bench001/M2/cosmos_nano/mq_083ef787f9df__cosmos_nano__s43.mp4
mqp_5000972,A,seed,3,b,-1.0,"['2', '1']",True,bench_results/bench001/M3/wan5b/mq_084749a5bdbb__wan5b__s44.mp4,bench_results/bench001/M3/wan5b/mq_084749a5bdbb__wan5b__s42.mp4
mqp_5000986,A,seed,3,a,1.0,"['1', '2']",True,bench_results/bench001/M4/mq_0866b4076135__wan14b__s44.mp4,bench_results/bench001/M4/mq_0866b4076135__wan14b__s42.mp4
mqp_5000996,AA,seed,3,tie,0.0,"['2', '2']",False,bench_results/bench001/M3/wan5b/mq_08792f0cd743__wan5b__s43.mp4,bench_results/bench001/M3/wan5b/mq_08792f0cd743__wan5b__s42.mp4
mqp_5001023,B,S-S,3,a,1.0,"['1', '2']",True,bench_results/bench002/M1/wan14b/mq_087b2a8052da__wan14b__s43.mp4,bench_results/bench002/M1/hunyuan/mq_087b2a8052da__hunyuan__s43.mp4
mqp_5001035,same,seed,3,a,1.0,"['1', '2']",True,bench_results/bench002/N1/videos/mq_0896e1f45bfd__pangu__s43.mp4,bench_results/bench002/N1/videos/mq_0896e1f45bfd__pangu__s42.mp4
mqp_5001048,same,M-S,3,b,-1.0,"['2', '1']",True,bench_results/bench002/M2/cosmos_super/mq_08ad07af3f09__cosmos_super__s43.mp4,bench_results/bench002/M2/cosmos_nano/mq_08ad07af3f09__cosmos_nano__s43.mp4
mqp_5001050,same,S-S,3,b,-1.0,"['2', '1']",True,bench_results/bench002/M2/cosmos_super/mq_08ad07af3f09__cosmos_super__s42.mp4,bench_results/bench002/M3/ltx/mq_08ad07af3f09__ltx__s44.mp4
mqp_5001062,same,W-W,3,b,-1.0,"['2', '1']",True,bench_results/bench002/M3/cogvideox/mq_08e9c86ca3f9__cogvideox__s42.mp4,bench_results/bench002/M3/wan5b/mq_08e9c86ca3f9__wan5b__s43.mp4
mqp_5001075,B,S-S,3,tie,0.0,"['2', '2']",False,bench_results/bench002/M3/ltx/mq_0916e4b47008__ltx__s43.mp4,bench_results/bench002/M2/cosmos_super/mq_0916e4b47008__cosmos_super__s42.mp4
mqp_5001100,B,W-S,3,a,1.0,"['1', '2']",True,bench_results/bench002/M3/wan5b/mq_0960eea90a54__wan5b__s43.mp4,bench_results/bench002/M1/wan14b/mq_0960eea90a54__wan14b__s43.mp4
mqp_5001105,same,seed,3,tie,0.0,"['1', '1']",False,bench_results/bench002/M2/cosmos_nano/mq_0969c91af810__cosmos_nano__s42.mp4,bench_results/bench002/M2/cosmos_nano/mq_0969c91af810__cosmos_nano__s44.mp4
mqp_5001109,B,seed,3,b,-1.0,"['2', '1']",True,bench_results/bench002/M3/ltx/mq_0978bd04199d__ltx__s43.mp4,bench_results/bench002/M3/ltx/mq_0978bd04199d__ltx__s44.mp4
mqp_5001113,same,W-S,3,a,1.0,"['1', '2']",True,bench_results/bench002/M3/cogvideox/mq_0979e899cae8__cogvideox__s44.mp4,bench_results/bench002/M3/ltx/mq_0979e899cae8__ltx__s42.mp4
mqp_5001125,BB,W-S,3,tie,0.0,"['1', '1']",False,bench_results/bench002/M3/wan5b/mq_099a1c244a8e__wan5b__s43.mp4,bench_results/bench002/M2/wan14b/mq_099a1c244a8e__wan14b__s44.mp4
mqp_5001130,same,W-M,3,b,-1.0,"['2', '1']",True,bench_results/bench002/M3/wan5b/mq_099a95ebdcec__wan5b__s42.mp4,bench_results/bench002/M2/cosmos_nano/mq_099a95ebdcec__cosmos_nano__s44.mp4
mqp_5001138,A,seed,3,b,-1.0,"['2', '1']",True,bench_results/bench002/M2/wan14b/mq_09a88dab1b3f__wan14b__s42.mp4,bench_results/bench002/M3/wan14b/mq_09a88dab1b3f__wan14b__s44.mp4
mqp_5001141,same,S-S,3,b,-1.0,"['2', '1']",True,bench_results/bench002/M1/hunyuan/mq_09b5d3f50c8e__hunyuan__s43.mp4,bench_results/bench002/M2/cosmos_super/mq_09b5d3f50c8e__cosmos_super__s43.mp4
mqp_5001142,same,seed,3,tie,0.0,"['1', '1']",False,bench_results/bench002/M3/ltx/mq_09b5d3f50c8e__ltx__s42.mp4,bench_results/bench002/M3/ltx/mq_09b5d3f50c8e__ltx__s43.mp4
mqp_5001153,A,seed,3,a,1.0,"['1', '2']",True,bench_results/bench002/M3/wan5b/mq_09dc966ecda7__wan5b__s44.mp4,bench_results/bench002/M3/wan5b/mq_09dc966ecda7__wan5b__s42.mp4
mqp_5001162,B,W-S,3,a,1.0,"['1', '2']",True,bench_results/bench002/M3/wan5b/mq_09e7a0863eed__wan5b__s42.mp4,bench_results/bench002/M2/cosmos_super/mq_09e7a0863eed__cosmos_super__s43.mp4
mqp_5001167,B,W-M,3,b,-1.0,"['2', '1']",True,bench_results/bench002/N1/videos/mq_09e853876e10__pangu__s43.mp4,bench_results/bench002/M3/wan5b/mq_09e853876e10__wan5b__s42.mp4
mqp_5001168,B,S-S,3,tie,0.0,"['2', '2']",False,bench_results/bench002/M3/wan14b/mq_09e9015d548b__wan14b__s44.mp4,bench_results/bench002/M1/hunyuan/mq_09e9015d548b__hunyuan__s43.mp4
mqp_5001183,A,seed,3,tie,0.0,"['1', '1']",False,bench_results/bench002/N1/videos/mq_09f45c1b6363__pangu__s42.mp4,bench_results/bench002/N1/videos/mq_09f45c1b6363__pangu__s44.mp4
mqp_5001187,A,seed,3,a,1.0,"['1', '2']",True,bench_results/bench002/M3/ltx/mq_0a10e4cf2964__ltx__s44.mp4,bench_results/bench002/M3/ltx/mq_0a10e4cf2964__ltx__s43.mp4
mqp_5001204,B,M-S,3,b,-1.0,"['2', '1']",True,bench_results/bench002/M2/cosmos_super/mq_0a377c9f8c05__cosmos_super__s43.mp4,bench_results/bench002/M2/cosmos_nano/mq_0a377c9f8c05__cosmos_nano__s44.mp4
mqp_5001211,same,seed,3,tie,0.0,"['1', '1']",False,bench_results/bench002/M3/cogvideox/mq_0a40d5490518__cogvideox__s44.mp4,bench_results/bench002/M3/cogvideox/mq_0a40d5490518__cogvideox__s43.mp4
mqp_5001218,AA,W-M,3,a,1.0,"['1', '2']",True,bench_results/bench002/N1/videos/mq_0a54dd4e5f73__pangu__s44.mp4,bench_results/bench002/M3/wan5b/mq_0a54dd4e5f73__wan5b__s43.mp4
mqp_5001223,A,W-S,3,tie,0.0,"['1', '1']",False,bench_results/bench002/M3/ltx/mq_0a602607ff0f__ltx__s42.mp4,bench_results/bench002/M3/wan5b/mq_0a602607ff0f__wan5b__s42.mp4
mqp_5001247,same,M-S,3,tie,0.0,"['1', '1']",False,bench_results/bench002/M2/cosmos_nano/mq_0aa07d76e205__cosmos_nano__s44.mp4,bench_results/bench002/M2/cosmos_super/mq_0aa07d76e205__cosmos_super__s43.mp4
mqp_5001257,same,W-M,3,a,1.0,"['1', '2']",True,bench_results/bench002/M3/wan5b/mq_0aab65f97897__wan5b__s44.mp4,bench_results/bench002/M2/cosmos_nano/mq_0aab65f97897__cosmos_nano__s44.mp4
mqp_5001261,A,seed,3,a,1.0,"['1', '2']",True,bench_results/bench002/M2/cosmos_nano/mq_0ab1eccec53b__cosmos_nano__s42.mp4,bench_results/bench002/M2/cosmos_nano/mq_0ab1eccec53b__cosmos_nano__s44.mp4
mqp_5001262,same,seed,3,tie,0.0,"['1', '1']",False,bench_results/bench002/N1/videos/mq_0ab1eccec53b__pangu__s44.mp4,bench_results/bench002/N1/videos/mq_0ab1eccec53b__pangu__s43.mp4
mqp_5001278,B,M-S,3,b,-1.0,"['2', '1']",True,bench_results/bench002/M2/cosmos_super/mq_0ac2edf553b7__cosmos_super__s44.mp4,bench_results/bench002/N1/videos/mq_0ac2edf553b7__pangu__s43.mp4
mqp_5001282,A,seed,3,b,-1.0,"['2', '1']",True,bench_results/bench002/N1/videos/mq_0ad6232f73d6__pangu__s42.mp4,bench_results/bench002/N1/videos/mq_0ad6232f73d6__pangu__s44.mp4
mqp_5001286,B,seed,3,tie,0.0,"['1', '1']",False,bench_results/bench002/M2/cosmos_nano/mq_0ad75cc08897__cosmos_nano__s43.mp4,bench_results/bench002/M2/cosmos_nano/mq_0ad75cc08897__cosmos_nano__s44.mp4
mqp_5001294,AA,W-W,3,b,-1.0,"['2', '1']",True,bench_results/bench002/M3/wan5b/mq_0ade7ffaf810__wan5b__s44.mp4,bench_results/bench002/M3/cogvideox/mq_0ade7ffaf810__cogvideox__s44.mp4
mqp_5001299,same,W-S,3,b,-1.0,"['2', '1']",True,bench_results/bench002/M2/cosmos_super/mq_0af439ca6a79__cosmos_super__s42.mp4,bench_results/bench002/M3/wan5b/mq_0af439ca6a79__wan5b__s42.mp4
mqp_5001319,A,W-M,3,a,1.0,"['1', '2']",True,bench_results/bench002/M2/cosmos_nano/mq_0b4545151bc6__cosmos_nano__s42.mp4,bench_results/bench002/M3/cogvideox/mq_0b4545151bc6__cogvideox__s44.mp4
mqp_5001325,same,seed,3,a,1.0,"['1', '2']",True,bench_results/bench002/M2/cosmos_nano/mq_0b6a85a61371__cosmos_nano__s43.mp4,bench_results/bench002/M2/cosmos_nano/mq_0b6a85a61371__cosmos_nano__s44.mp4
mqp_5001327,B,M-M,3,b,-1.0,"['2', '1']",True,bench_results/bench002/M2/cosmos_nano/mq_0b6a85a61371__cosmos_nano__s44.mp4,bench_results/bench002/N1/videos/mq_0b6a85a61371__pangu__s43.mp4
mqp_5001334,B,M-S,3,b,-1.0,"['2', '1']",True,bench_results/bench002/M4/mq_0b9254950a07__wan14b__s44.mp4,bench_results/bench002/N1/videos/mq_0b9254950a07__pangu__s42.mp4
mqp_5001339,AA,S-S,3,a,1.0,"['1', '2']",True,bench_results/bench002/M3/ltx/mq_0b9fe9e26abd__ltx__s42.mp4,bench_results/bench002/M2/cosmos_super/mq_0b9fe9e26abd__cosmos_super__s42.mp4
mqp_5001348,B,seed,3,b,-1.0,"['2', '1']",True,bench_results/bench002/M3/cogvideox/mq_0bbf6bb3e1a8__cogvideox__s42.mp4,bench_results/bench002/M3/cogvideox/mq_0bbf6bb3e1a8__cogvideox__s43.mp4
mqp_5001351,same,seed,3,b,-1.0,"['2', '1']",True,bench_results/bench002/N1/videos/mq_0bbf6bb3e1a8__pangu__s43.mp4,bench_results/bench002/N1/videos/mq_0bbf6bb3e1a8__pangu__s44.mp4
mqp_5001365,B,M-M,3,tie,0.0,"['1', '1']",False,bench_results/bench002/N1/videos/mq_0bf320f7b99d__pangu__s42.mp4,bench_results/bench002/M2/cosmos_nano/mq_0bf320f7b99d__cosmos_nano__s44.mp4
mqp_5001379,B,seed,3,tie,0.0,"['1', '1']",False,bench_results/bench002/M2/cosmos_super/mq_0c11fd426e49__cosmos_super__s43.mp4,bench_results/bench002/M2/cosmos_super/mq_0c11fd426e49__cosmos_super__s42.mp4
mqp_5001380,same,M-S,3,b,-1.0,"['2', '1']",True,bench_results/bench002/M1/hunyuan/mq_0c1b7f97ab5e__hunyuan__s43.mp4,bench_results/bench002/N1/videos/mq_0c1b7f97ab5e__pangu__s43.mp4
mqp_5001391,B,M-S,3,a,1.0,"['1', '2']",True,bench_results/bench002/N1/videos/mq_0c38eea5a5fd__pangu__s44.mp4,bench_results/bench002/M4/mq_0c38eea5a5fd__wan14b__s44.mp4
mqp_5001393,same,seed,3,b,-1.0,"['2', '1']",True,bench_results/bench002/M2/cosmos_nano/mq_0c444caef4cc__cosmos_nano__s44.mp4,bench_results/bench002/M2/cosmos_nano/mq_0c444caef4cc__cosmos_nano__s43.mp4
mqp_5001394,AA,W-S,3,tie,0.0,"['1', '1']",False,bench_results/bench002/M1/hunyuan/mq_0c444caef4cc__hunyuan__s43.mp4,bench_results/bench002/M3/wan5b/mq_0c444caef4cc__wan5b__s42.mp4
mqp_5001396,A,M-S,3,a,1.0,"['1', '2']",True,bench_results/bench002/M2/cosmos_super/mq_0c5710b51e65__cosmos_super__s42.mp4,bench_results/bench002/M2/cosmos_nano/mq_0c5710b51e65__cosmos_nano__s42.mp4
mqp_5001398,B,S-S,3,a,1.0,"['1', '2']",True,bench_results/bench002/M4/mq_0c5710b51e65__wan14b__s44.mp4,bench_results/bench002/M3/ltx/mq_0c5710b51e65__ltx__s44.mp4
mqp_5001414,same,seed,3,b,-1.0,"['2', '1']",True,bench_results/bench002/M3/ltx/mq_0c72227b1f91__ltx__s44.mp4,bench_results/bench002/M3/ltx/mq_0c72227b1f91__ltx__s42.mp4
mqp_5001416,same,W-M,3,b,-1.0,"['2', '1']",True,bench_results/bench002/M2/cosmos_nano/mq_0c784a2e51cb__cosmos_nano__s43.mp4,bench_results/bench002/M3/wan5b/mq_0c784a2e51cb__wan5b__s42.mp4
mqp_5001419,A,seed,3,b,-1.0,"['2', '1']",True,bench_results/bench002/M3/wan5b/mq_0c784a2e51cb__wan5b__s42.mp4,bench_results/bench002/M3/wan5b/mq_0c784a2e51cb__wan5b__s44.mp4
mqp_5001429,same,S-S,3,b,-1.0,"['2', '1']",True,bench_results/bench002/M2/cosmos_super/mq_0c87c2d6eb8c__cosmos_super__s44.mp4,bench_results/bench002/M4/mq_0c87c2d6eb8c__wan14b__s42.mp4
mqp_5001436,same,M-S,3,tie,0.0,"['1', '1']",False,bench_results/bench002/M2/cosmos_super/mq_0c8ea01fa0fc__cosmos_super__s42.mp4,bench_results/bench002/N1/videos/mq_0c8ea01fa0fc__pangu__s44.mp4
mqp_5001445,same,M-M,3,a,1.0,"['1', '2']",True,bench_results/bench002/N1/videos/mq_0c92c584f1f5__pangu__s43.mp4,bench_results/bench002/M2/cosmos_nano/mq_0c92c584f1f5__cosmos_nano__s44.mp4
mqp_5001448,B,M-S,3,b,-1.0,"['2', '1']",True,bench_results/bench002/N1/videos/mq_0c9ee48bd89d__pangu__s43.mp4,bench_results/bench002/M3/ltx/mq_0c9ee48bd89d__ltx__s43.mp4
mqp_5001451,same,S-S,3,a,1.0,"['1', '2']",True,bench_results/bench002/M1/hunyuan/mq_0c9ee48bd89d__hunyuan__s44.mp4,bench_results/bench002/M3/ltx/mq_0c9ee48bd89d__ltx__s44.mp4
mqp_5001465,same,seed,3,tie,0.0,"['1', '1']",False,bench_results/bench002/M2/cosmos_nano/mq_0cbe60e1be37__cosmos_nano__s42.mp4,bench_results/bench002/M2/cosmos_nano/mq_0cbe60e1be37__cosmos_nano__s43.mp4
mqp_5001468,B,W-S,3,a,1.0,"['1', '2']",True,bench_results/bench002/M3/cogvideox/mq_0cc3401329a9__cogvideox__s43.mp4,bench_results/bench002/M4/mq_0cc3401329a9__wan14b__s43.mp4
mqp_5001472,B,W-S,3,tie,0.0,"['2', '2']",False,bench_results/bench002/M3/cogvideox/mq_0cc5537452a4__cogvideox__s44.mp4,bench_results/bench002/M3/ltx/mq_0cc5537452a4__ltx__s43.mp4
mqp_5001475,AA,S-S,3,a,1.0,"['1', '2']",True,bench_results/bench002/M1/hunyuan/mq_0cc5537452a4__hunyuan__s43.mp4,bench_results/bench002/M4/mq_0cc5537452a4__wan14b__s44.mp4
mqp_5001477,same,seed,3,b,-1.0,"['2', '1']",True,bench_results/bench002/M4/mq_0ce0fdff8f18__wan14b__s43.mp4,bench_results/bench002/M4/mq_0ce0fdff8f18__wan14b__s44.mp4
mqp_5001484,AA,W-W,3,a,1.0,"['1', '2']",True,bench_results/bench002/M3/wan5b/mq_0d03824b0c12__wan5b__s43.mp4,bench_results/bench002/M3/cogvideox/mq_0d03824b0c12__cogvideox__s42.mp4
mqp_5001498,same,seed,3,a,1.0,"['1', '2']",True,bench_results/bench002/M1/hunyuan/mq_0d160d53a1e1__hunyuan__s43.mp4,bench_results/bench002/M1/hunyuan/mq_0d160d53a1e1__hunyuan__s44.mp4
mqp_5001501,A,W-M,3,tie,0.0,"['1', '1']",False,bench_results/bench002/N1/videos/mq_0d1e5e0a279a__pangu__s43.mp4,bench_results/bench002/M3/wan5b/mq_0d1e5e0a279a__wan5b__s44.mp4
mqp_5001520,A,M-M,3,tie,0.0,"['1', '1']",False,bench_results/bench002/M2/cosmos_nano/mq_0d79015993a5__cosmos_nano__s43.mp4,bench_results/bench002/N2/videos/mq_0d79015993a5__pangu__s42.mp4
mqp_5001525,same,S-S,3,tie,0.0,"['2', '2']",False,bench_results/bench002/M3/ltx/mq_0d88ebbfe895__ltx__s44.mp4,bench_results/bench002/M1/hunyuan/mq_0d88ebbfe895__hunyuan__s42.mp4
mqp_5001530,BB,W-S,3,a,1.0,"['1', '2']",True,bench_results/bench002/M3/cogvideox/mq_0d90b86d0d64__cogvideox__s43.mp4,bench_results/bench002/M1/hunyuan/mq_0d90b86d0d64__hunyuan__s44.mp4
mqp_5001533,A,W-M,3,a,1.0,"['1', '2']",True,bench_results/bench002/M2/cosmos_nano/mq_0d9fcbd63861__cosmos_nano__s43.mp4,bench_results/bench002/M3/wan5b/mq_0d9fcbd63861__wan5b__s44.mp4
mqp_5001535,same,seed,3,tie,0.0,"['1', '1']",False,bench_results/bench002/M2/cosmos_nano/mq_0d9fcbd63861__cosmos_nano__s42.mp4,bench_results/bench002/M2/cosmos_nano/mq_0d9fcbd63861__cosmos_nano__s44.mp4
mqp_5001539,A,seed,3,a,1.0,"['1', '2']",True,bench_results/bench002/M3/ltx/mq_0dab3ee1c7d7__ltx__s42.mp4,bench_results/bench002/M3/ltx/mq_0dab3ee1c7d7__ltx__s44.mp4
mqp_5001543,B,W-M,3,b,-1.0,"['2', '1']",True,bench_results/bench002/M3/cogvideox/mq_0dbd46d7b30f__cogvideox__s42.mp4,bench_results/bench002/N2/videos/mq_0dbd46d7b30f__pangu__s43.mp4
mqp_5001546,A,W-S,3,tie,0.0,"['2', '2']",False,bench_results/bench002/M3/ltx/mq_0dc0a4ffeb48__ltx__s43.mp4,bench_results/bench002/M3/wan5b/mq_0dc0a4ffeb48__wan5b__s42.mp4
mqp_5001563,same,seed,3,tie,0.0,"['1', '1']",False,bench_results/bench002/M3/cogvideox/mq_0dd41992c9ba__cogvideox__s43.mp4,bench_results/bench002/M3/cogvideox/mq_0dd41992c9ba__cogvideox__s42.mp4
mqp_5001583,A,M-S,3,b,-1.0,"['2', '1']",True,bench_results/bench002/M1/hunyuan/mq_0e025cf60b3b__hunyuan__s44.mp4,bench_results/bench002/N2/videos/mq_0e025cf60b3b__pangu__s42.mp4
mqp_5001601,B,S-S,3,tie,0.0,"['1', '1']",False,bench_results/bench002/M3/ltx/mq_0e51491b040a__ltx__s43.mp4,bench_results/bench002/M4/mq_0e51491b040a__wan14b__s43.mp4
mqp_5001614,AA,W-M,3,a,1.0,"['1', '2']",True,bench_results/bench002/N2/videos/mq_0e778573b335__pangu__s42.mp4,bench_results/bench002/M3/wan5b/mq_0e778573b335__wan5b__s44.mp4
mqp_5001617,same,seed,3,tie,0.0,"['1', '1']",False,bench_results/bench002/M3/cogvideox/mq_0e7f63086700__cogvideox__s43.mp4,bench_results/bench002/M3/cogvideox/mq_0e7f63086700__cogvideox__s42.mp4
mqp_5001628,AA,M-S,3,tie,0.0,"['1', '1']",False,bench_results/bench002/M3/ltx/mq_0e97b7c55dd8__ltx__s42.mp4,bench_results/bench002/M2/cosmos_nano/mq_0e97b7c55dd8__cosmos_nano__s43.mp4
mqp_5001640,B,seed,3,b,-1.0,"['2', '1']",True,bench_results/bench002/N2/videos/mq_0ea311c3e531__pangu__s42.mp4,bench_results/bench002/N2/videos/mq_0ea311c3e531__pangu__s43.mp4
mqp_5001650,A,seed,3,tie,0.0,"['1', '1']",False,bench_results/bench002/M2/cosmos_super/mq_0eb2ad2583d6__cosmos_super__s43.mp4,bench_results/bench002/M2/cosmos_super/mq_0eb2ad2583d6__cosmos_super__s44.mp4
mqp_5001657,same,seed,3,b,-1.0,"['2', '1']",True,bench_results/bench002/M1/hunyuan/mq_0ebe33379298__hunyuan__s42.mp4,bench_results/bench002/M1/hunyuan/mq_0ebe33379298__hunyuan__s43.mp4
mqp_5001670,same,seed,3,tie,0.0,"['1', '1']",False,bench_results/bench002/M2/cosmos_super/mq_0ee10ff84e3d__cosmos_super__s43.mp4,bench_results/bench002/M2/cosmos_super/mq_0ee10ff84e3d__cosmos_super__s42.mp4
mqp_5001675,same,seed,3,tie,0.0,"['1', '1']",False,bench_results/bench002/M3/cogvideox/mq_0ef07d433218__cogvideox__s44.mp4,bench_results/bench002/M3/cogvideox/mq_0ef07d433218__cogvideox__s43.mp4
mqp_5001677,same,S-S,3,tie,0.0,"['1', '1']",False,bench_results/bench002/M3/ltx/mq_0ef5d35206c1__ltx__s44.mp4,bench_results/bench002/M4/mq_0ef5d35206c1__wan14b__s42.mp4
mqp_5001680,same,M-S,3,tie,0.0,"['1', '1']",False,bench_results/bench002/M2/cosmos_nano/mq_0ef833953351__cosmos_nano__s44.mp4,bench_results/bench002/M2/cosmos_super/mq_0ef833953351__cosmos_super__s44.mp4
mqp_5001695,A,W-S,3,tie,0.0,"['tie', 'tie']",True,bench_results/bench002/M4/mq_0f08b014d8fc__wan14b__s42.mp4,bench_results/bench002/M3/wan5b/mq_0f08b014d8fc__wan5b__s44.mp4
mqp_5001700,B,S-S,3,a,1.0,"['1', '2']",True,bench_results/bench002/M3/ltx/mq_0f244822383a__ltx__s42.mp4,bench_results/bench002/M2/cosmos_super/mq_0f244822383a__cosmos_super__s42.mp4
mqp_5001731,A,M-S,3,b,-1.0,"['2', '1']",True,bench_results/bench002/M2/cosmos_super/mq_0f4dbd54c0e8__cosmos_super__s43.mp4,bench_results/bench002/N2/videos/mq_0f4dbd54c0e8__pangu__s43.mp4
mqp_5001742,B,S-S,3,b,-1.0,"['2', '1']",True,bench_results/bench002/M2/cosmos_super/mq_0f75b2258e29__cosmos_super__s42.mp4,bench_results/bench002/M3/ltx/mq_0f75b2258e29__ltx__s43.mp4
mqp_5001756,BB,seed,3,b,-1.0,"['2', '1']",True,bench_results/bench002/M3/wan5b/mq_0f90ee7c74b1__wan5b__s42.mp4,bench_results/bench002/M3/wan5b/mq_0f90ee7c74b1__wan5b__s43.mp4
mqp_5001760,A,seed,3,a,1.0,"['1', '2']",True,bench_results/bench002/M2/cosmos_nano/mq_0f91461f295d__cosmos_nano__s43.mp4,bench_results/bench002/M2/cosmos_nano/mq_0f91461f295d__cosmos_nano__s44.mp4
mqp_5001767,B,W-S,3,a,1.0,"['1', '2']",True,bench_results/bench002/M3/cogvideox/mq_0f923a0b7b65__cogvideox__s43.mp4,bench_results/bench002/M2/cosmos_super/mq_0f923a0b7b65__cosmos_super__s42.mp4
mqp_5001773,B,W-M,3,a,1.0,"['1', '2']",True,bench_results/bench002/M3/wan5b/mq_0fba8c9481a4__wan5b__s43.mp4,bench_results/bench002/M2/cosmos_nano/mq_0fba8c9481a4__cosmos_nano__s42.mp4
mqp_5001778,B,M-S,3,b,-1.0,"['2', '1']",True,bench_results/bench002/M2/cosmos_nano/mq_0fcabd99a227__cosmos_nano__s44.mp4,bench_results/bench002/M3/ltx/mq_0fcabd99a227__ltx__s42.mp4
mqp_5001791,same,S-S,3,tie,0.0,"['1', '1']",False,bench_results/bench002/M3/ltx/mq_0fde86e5441a__ltx__s43.mp4,bench_results/bench002/M4/mq_0fde86e5441a__wan14b__s44.mp4
mqp_5001799,same,W-S,3,b,-1.0,"['2', '1']",True,bench_results/bench002/M4/mq_0feec0a5df11__wan14b__s42.mp4,bench_results/bench002/M3/wan5b/mq_0feec0a5df11__wan5b__s44.mp4
mqp_5001817,BB,W-M,3,tie,0.0,"['1', '1']",False,bench_results/bench002/M3/wan5b/mq_101b35773b40__wan5b__s42.mp4,bench_results/bench002/N2/videos/mq_101b35773b40__pangu__s44.mp4
mqp_5001825,AA,seed,3,a,1.0,"['1', '2']",True,bench_results/bench002/N2/videos/mq_103b56f4282b__pangu__s42.mp4,bench_results/bench002/N2/videos/mq_103b56f4282b__pangu__s43.mp4
mqp_5001834,B,S-S,3,a,1.0,"['1', '2']",True,bench_results/bench002/M1/hunyuan/mq_1043ac754a25__hunyuan__s43.mp4,bench_results/bench002/M2/cosmos_super/mq_1043ac754a25__cosmos_super__s42.mp4
mqp_5001836,AA,M-S,3,tie,0.0,"['2', '2']",False,bench_results/bench002/M4/mq_106da4895d07__wan14b__s44.mp4,bench_results/bench002/N2/videos/mq_106da4895d07__pangu__s44.mp4
mqp_5001837,BB,W-S,3,tie,0.0,"['2', '2']",False,bench_results/bench002/M3/wan5b/mq_106da4895d07__wan5b__s43.mp4,bench_results/bench002/M3/ltx/mq_106da4895d07__ltx__s44.mp4
mqp_5001845,same,seed,3,b,-1.0,"['2', '1']",True,bench_results/bench002/M2/cosmos_nano/mq_1085df2e2558__cosmos_nano__s44.mp4,bench_results/bench002/M2/cosmos_nano/mq_1085df2e2558__cosmos_nano__s43.mp4
mqp_5001849,BB,W-M,3,a,1.0,"['1', '2']",True,bench_results/bench002/M3/cogvideox/mq_1096397252a7__cogvideox__s44.mp4,bench_results/bench002/M2/cosmos_nano/mq_1096397252a7__cosmos_nano__s43.mp4
mqp_5001851,AA,S-S,3,a,1.0,"['1', '2']",True,bench_results/bench002/M3/ltx/mq_1096397252a7__ltx__s44.mp4,bench_results/bench002/M1/hunyuan/mq_1096397252a7__hunyuan__s44.mp4
mqp_5001858,B,M-S,3,tie,0.0,"['1', '1']",False,bench_results/bench002/M2/cosmos_super/mq_10df44073dd9__cosmos_super__s43.mp4,bench_results/bench002/N2/videos/mq_10df44073dd9__pangu__s44.mp4
mqp_5001863,same,M-S,3,tie,0.0,"['1', '1']",False,bench_results/bench002/M2/cosmos_nano/mq_10e3a258bade__cosmos_nano__s44.mp4,bench_results/bench002/M1/hunyuan/mq_10e3a258bade__hunyuan__s42.mp4
mqp_5001869,A,S-S,3,b,-1.0,"['2', '1']",True,bench_results/bench002/M2/cosmos_super/mq_10f237dd7869__cosmos_super__s44.mp4,bench_results/bench002/M3/ltx/mq_10f237dd7869__ltx__s44.mp4
mqp_5001870,same,seed,3,a,1.0,"['1', '2']",True,bench_results/bench002/M3/ltx/mq_10f237dd7869__ltx__s42.mp4,bench_results/bench002/M3/ltx/mq_10f237dd7869__ltx__s44.mp4
mqp_5001873,B,W-S,3,b,-1.0,"['2', '1']",True,bench_results/bench002/M3/cogvideox/mq_10f8d64ae8f9__cogvideox__s42.mp4,bench_results/bench002/M4/mq_10f8d64ae8f9__wan14b__s43.mp4
mqp_5001895,AA,S-S,3,tie,0.0,"['1', '1']",False,bench_results/bench002/M1/hunyuan/mq_1142cfa4f16b__hunyuan__s42.mp4,bench_results/bench002/M3/ltx/mq_1142cfa4f16b__ltx__s44.mp4
mqp_5001898,BB,W-M,3,b,-1.0,"['2', '1']",True,bench_results/bench002/M3/cogvideox/mq_1151f2bfb114__cogvideox__s43.mp4,bench_results/bench002/N2/videos/mq_1151f2bfb114__pangu__s42.mp4
mqp_5001906,A,seed,3,tie,0.0,"['1', '1']",False,bench_results/bench002/M2/cosmos_nano/mq_115a0ba10370__cosmos_nano__s44.mp4,bench_results/bench002/M2/cosmos_nano/mq_115a0ba10370__cosmos_nano__s42.mp4
mqp_5001909,A,seed,3,a,1.0,"['1', '2']",True,bench_results/bench002/M3/wan5b/mq_1167c85f7001__wan5b__s44.mp4,bench_results/bench002/M3/wan5b/mq_1167c85f7001__wan5b__s42.mp4
mqp_5001913,BB,seed,3,b,-1.0,"['2', '1']",True,bench_results/bench002/M4/mq_1168ab86dab5__wan14b__s44.mp4,bench_results/bench002/M4/mq_1168ab86dab5__wan14b__s43.mp4
mqp_5001925,same,S-S,3,b,-1.0,"['2', '1']",True,bench_results/bench002/M2/cosmos_super/mq_117e3cc1e008__cosmos_super__s42.mp4,bench_results/bench002/M1/hunyuan/mq_117e3cc1e008__hunyuan__s43.mp4
mqp_5001926,A,M-S,3,b,-1.0,"['2', '1']",True,bench_results/bench002/M1/hunyuan/mq_117e3cc1e008__hunyuan__s42.mp4,bench_results/bench002/N2/videos/mq_117e3cc1e008__pangu__s42.mp4
mqp_5001931,same,seed,3,tie,0.0,"['1', '1']",False,bench_results/bench002/M3/ltx/mq_118be96c7746__ltx__s44.mp4,bench_results/bench002/M3/ltx/mq_118be96c7746__ltx__s42.mp4
mqp_5001932,B,seed,3,a,1.0,"['1', '2']",True,bench_results/bench002/N2/videos/mq_118df778d4c4__pangu__s42.mp4,bench_results/bench002/N2/videos/mq_118df778d4c4__pangu__s43.mp4
mqp_5001938,A,M-M,3,a,1.0,"['1', '2']",True,bench_results/bench002/N2/videos/mq_1196bf6def43__pangu__s44.mp4,bench_results/bench002/M2/cosmos_nano/mq_1196bf6def43__cosmos_nano__s42.mp4
mqp_5001948,B,W-M,3,b,-1.0,"['2', '1']",True,bench_results/bench002/M3/cogvideox/mq_11a31ae3ca74__cogvideox__s43.mp4,bench_results/bench002/M2/cosmos_nano/mq_11a31ae3ca74__cosmos_nano__s43.mp4
mqp_5001954,A,W-S,3,b,-1.0,"['2', '1']",True,bench_results/bench002/M3/ltx/mq_11a6f1ad191e__ltx__s43.mp4,bench_results/bench002/M3/wan5b/mq_11a6f1ad191e__wan5b__s42.mp4
mqp_5001955,A,W-S,3,a,1.0,"['1', '2']",True,bench_results/bench002/M1/hunyuan/mq_11a6f1ad191e__hunyuan__s44.mp4,bench_results/bench002/M3/cogvideox/mq_11a6f1ad191e__cogvideox__s44.mp4
mqp_5001957,B,W-S,3,tie,0.0,"['1', '1']",False,bench_results/bench002/M3/wan5b/mq_11b3ba00372c__wan5b__s43.mp4,bench_results/bench002/M4/mq_11b3ba00372c__wan14b__s44.mp4
mqp_5001961,BB,W-S,3,b,-1.0,"['2', '1']",True,bench_results/bench002/M3/ltx/mq_11b792e68a72__ltx__s43.mp4,bench_results/bench002/M3/cogvideox/mq_11b792e68a72__cogvideox__s43.mp4
mqp_5001980,AA,seed,3,a,1.0,"['1', '2']",True,bench_results/bench002/M2/cosmos_nano/mq_122ec5a04978__cosmos_nano__s42.mp4,bench_results/bench002/M2/cosmos_nano/mq_122ec5a04978__cosmos_nano__s44.mp4
mqp_5001981,A,M-S,3,b,-1.0,"['2', '1']",True,bench_results/bench002/M4/mq_122ec5a04978__wan14b__s42.mp4,bench_results/bench002/N2/videos/mq_122ec5a04978__pangu__s44.mp4
mqp_5001986,AA,seed,3,tie,0.0,"['1', '1']",False,bench_results/bench002/M4/mq_123d22e696ec__wan14b__s43.mp4,bench_results/bench002/M4/mq_123d22e696ec__wan14b__s44.mp4
mqp_5001994,same,seed,3,a,1.0,"['1', '2']",True,bench_results/bench002/M3/cogvideox/mq_125eca1249f4__cogvideox__s42.mp4,bench_results/bench002/M3/cogvideox/mq_125eca1249f4__cogvideox__s44.mp4
mqp_5002001,same,S-S,3,b,-1.0,"['2', '1']",True,bench_results/bench002/M4/mq_12784619e225__wan14b__s44.mp4,bench_results/bench002/M3/ltx/mq_12784619e225__ltx__s42.mp4
mqp_5002005,same,S-S,3,a,1.0,"['1', '2']",True,bench_results/bench002/M4/mq_12a4f70e9951__wan14b__s42.mp4,bench_results/bench002/M2/cosmos_super/mq_12a4f70e9951__cosmos_super__s42.mp4
mqp_5002007,same,S-S,3,b,-1.0,"['2', '1']",True,bench_results/bench002/M2/cosmos_super/mq_12a4f70e9951__cosmos_super__s42.mp4,bench_results/bench002/M1/hunyuan/mq_12a4f70e9951__hunyuan__s44.mp4
mqp_5002018,B,seed,3,b,-1.0,"['2', '1']",True,bench_results/bench002/M3/cogvideox/mq_12bd9a4d5699__cogvideox__s44.mp4,bench_results/bench002/M3/cogvideox/mq_12bd9a4d5699__cogvideox__s43.mp4
mqp_5002032,B,seed,3,b,-1.0,"['2', '1']",True,bench_results/bench003/M2/cosmos_super/mq_12e2eed11f76__cosmos_super__s43.mp4,bench_results/bench003/M2/cosmos_super/mq_12e2eed11f76__cosmos_super__s42.mp4
mqp_5002034,A,W-M,3,a,1.0,"['1', '2']",True,bench_results/bench003/M2/cosmos_nano/mq_12e2eed11f76__cosmos_nano__s43.mp4,bench_results/bench003/M3/wan5b/mq_12e2eed11f76__wan5b__s42.mp4
mqp_5002036,B,M-S,3,tie,0.0,"['1', '1']",False,bench_results/bench003/M1/wan14b/mq_13365ce8480c__wan14b__s44.mp4,bench_results/bench003/M2/cosmos_nano/mq_13365ce8480c__cosmos_nano__s42.mp4
mqp_5002049,BB,W-M,3,a,1.0,"['1', '2']",True,bench_results/bench003/M3/cogvideox/mq_13588732ff18__cogvideox__s44.mp4,bench_results/bench003/N1/videos/mq_13588732ff18__pangu__s44.mp4
mqp_5002069,B,W-M,3,tie,0.0,"['1', '1']",False,bench_results/bench003/M3/wan5b/mq_139629223237__wan5b__s42.mp4,bench_results/bench003/N1/videos/mq_139629223237__pangu__s43.mp4
mqp_5002070,same,seed,3,b,-1.0,"['2', '1']",True,bench_results/bench003/M3/ltx/mq_139629223237__ltx__s43.mp4,bench_results/bench003/M3/ltx/mq_139629223237__ltx__s44.mp4
mqp_5002074,A,S-S,3,a,1.0,"['1', '2']",True,bench_results/bench003/M2/cosmos_super/mq_13a5324bf05d__cosmos_super__s44.mp4,bench_results/bench003/M1/wan14b/mq_13a5324bf05d__wan14b__s42.mp4
mqp_5002082,AA,M-S,3,b,-1.0,"['2', '1']",True,bench_results/bench003/M1/hunyuan/mq_13e5e6c10630__hunyuan__s44.mp4,bench_results/bench003/M2/cosmos_nano/mq_13e5e6c10630__cosmos_nano__s42.mp4
mqp_5002088,same,S-S,3,b,-1.0,"['2', '1']",True,bench_results/bench003/M3/ltx/mq_13ff0151b738__ltx__s44.mp4,bench_results/bench003/M2/cosmos_super/mq_13ff0151b738__cosmos_super__s42.mp4
mqp_5002092,BB,W-M,3,b,-1.0,"['2', '1']",True,bench_results/bench003/M3/cogvideox/mq_140323908b2c__cogvideox__s43.mp4,bench_results/bench003/N1/videos/mq_140323908b2c__pangu__s42.mp4
mqp_5002097,AA,W-W,3,a,1.0,"['1', '2']",True,bench_results/bench003/M3/wan5b/mq_1408b4a4f9d1__wan5b__s43.mp4,bench_results/bench003/M3/cogvideox/mq_1408b4a4f9d1__cogvideox__s44.mp4
mqp_5002108,B,M-S,3,a,1.0,"['1', '2']",True,bench_results/bench003/M2/cosmos_nano/mq_14306aff13ea__cosmos_nano__s44.mp4,bench_results/bench003/M2/cosmos_super/mq_14306aff13ea__cosmos_super__s44.mp4
mqp_5002114,B,seed,3,a,1.0,"['1', '2']",True,bench_results/bench003/M2/cosmos_super/mq_14356c624a82__cosmos_super__s44.mp4,bench_results/bench003/M2/cosmos_super/mq_14356c624a82__cosmos_super__s42.mp4
mqp_5002117,AA,S-S,3,b,-1.0,"['2', '1']",True,bench_results/bench003/M2/cosmos_super/mq_144043d8e3ef__cosmos_super__s43.mp4,bench_results/bench003/M1/hunyuan/mq_144043d8e3ef__hunyuan__s43.mp4
mqp_5002125,A,M-S,3,tie,0.0,"['2', '2']",False,bench_results/bench003/M2/cosmos_nano/mq_144bff62eed6__cosmos_nano__s42.mp4,bench_results/bench003/M1/wan14b/mq_144bff62eed6__wan14b__s43.mp4
mqp_5002130,same,W-S,3,tie,0.0,"['1', '1']",False,bench_results/bench003/M3/ltx/mq_144d532de90a__ltx__s42.mp4,bench_results/bench003/M3/wan5b/mq_144d532de90a__wan5b__s42.mp4
mqp_5002134,A,S-S,3,b,-1.0,"['2', '1']",True,bench_results/bench003/M2/cosmos_super/mq_14592af3ba3e__cosmos_super__s43.mp4,bench_results/bench003/M1/wan14b/mq_14592af3ba3e__wan14b__s42.mp4
mqp_5002140,B,W-S,3,b,-1.0,"['2', '1']",True,bench_results/bench003/M3/cogvideox/mq_1480a057abf6__cogvideox__s44.mp4,bench_results/bench003/M1/hunyuan/mq_1480a057abf6__hunyuan__s44.mp4
mqp_5002142,B,W-S,3,b,-1.0,"['2', '1']",True,bench_results/bench003/M3/cogvideox/mq_1480a057abf6__cogvideox__s44.mp4,bench_results/bench003/M2/cosmos_super/mq_1480a057abf6__cosmos_super__s42.mp4
mqp_5002147,same,M-S,3,tie,0.0,"['1', '1']",False,bench_results/bench003/M3/ltx/mq_1486ebdbb62b__ltx__s42.mp4,bench_results/bench003/M2/cosmos_nano/mq_1486ebdbb62b__cosmos_nano__s43.mp4
mqp_5002148,A,M-S,3,a,1.0,"['1', '2']",True,bench_results/bench003/M3/ltx/mq_148cf2b736bf__ltx__s42.mp4,bench_results/bench003/N1/videos/mq_148cf2b736bf__pangu__s43.mp4
mqp_5002156,A,seed,3,a,1.0,"['1', '2']",True,bench_results/bench003/M3/wan5b/mq_149b353889c9__wan5b__s44.mp4,bench_results/bench003/M3/wan5b/mq_149b353889c9__wan5b__s42.mp4
mqp_5002157,same,S-S,3,b,-1.0,"['2', '1']",True,bench_results/bench003/M2/wan14b/mq_149b353889c9__wan14b__s42.mp4,bench_results/bench003/M1/hunyuan/mq_149b353889c9__hunyuan__s43.mp4
mqp_5002173,same,M-S,3,tie,0.0,"['1', '1']",False,bench_results/bench003/M3/wan14b/mq_14c38f378c57__wan14b__s44.mp4,bench_results/bench003/M2/cosmos_nano/mq_14c38f378c57__cosmos_nano__s42.mp4
mqp_5002176,BB,M-S,3,b,-1.0,"['2', '1']",True,bench_results/bench003/M3/wan14b/mq_14d2bce01f6e__wan14b__s44.mp4,bench_results/bench003/N1/videos/mq_14d2bce01f6e__pangu__s42.mp4
mqp_5002180,A,W-W,3,tie,0.0,"['2', '2']",False,bench_results/bench003/M3/wan5b/mq_14ec0215e867__wan5b__s43.mp4,bench_results/bench003/M3/cogvideox/mq_14ec0215e867__cogvideox__s42.mp4
mqp_5002187,A,M-S,3,b,-1.0,"['2', '1']",True,bench_results/bench003/M3/ltx/mq_14ececc3ed71__ltx__s42.mp4,bench_results/bench003/M2/cosmos_nano/mq_14ececc3ed71__cosmos_nano__s43.mp4
mqp_5002191,B,seed,3,tie,0.0,"['1', '1']",False,bench_results/bench003/M3/ltx/mq_1502baf4c0c7__ltx__s42.mp4,bench_results/bench003/M3/ltx/mq_1502baf4c0c7__ltx__s44.mp4
mqp_5002192,BB,seed,3,b,-1.0,"['2', '1']",True,bench_results/bench003/N1/videos/mq_15083b8bda01__pangu__s43.mp4,bench_results/bench003/N1/videos/mq_15083b8bda01__pangu__s44.mp4
mqp_5002194,BB,W-S,3,tie,0.0,"['2', '2']",False,bench_results/bench003/M2/cosmos_super/mq_15083b8bda01__cosmos_super__s44.mp4,bench_results/bench003/M3/wan5b/mq_15083b8bda01__wan5b__s44.mp4
mqp_5002207,BB,S-S,3,b,-1.0,"['2', '1']",True,bench_results/bench003/M3/ltx/mq_1566b4580458__ltx__s44.mp4,bench_results/bench003/M2/cosmos_super/mq_1566b4580458__cosmos_super__s44.mp4
mqp_5002216,B,W-M,3,a,1.0,"['1', '2']",True,bench_results/bench003/M3/cogvideox/mq_15a398fc885d__cogvideox__s43.mp4,bench_results/bench003/M2/cosmos_nano/mq_15a398fc885d__cosmos_nano__s44.mp4
mqp_5002237,A,seed,3,a,1.0,"['1', '2']",True,bench_results/bench003/M2/cosmos_nano/mq_164266406fe1__cosmos_nano__s43.mp4,bench_results/bench003/M2/cosmos_nano/mq_164266406fe1__cosmos_nano__s44.mp4
mqp_5002240,A,seed,3,a,1.0,"['1', '2']",True,bench_results/bench003/M3/wan5b/mq_1660140b42ae__wan5b__s44.mp4,bench_results/bench003/M3/wan5b/mq_1660140b42ae__wan5b__s42.mp4
mqp_5002243,same,seed,3,a,1.0,"['1', '2']",True,bench_results/bench003/M3/cogvideox/mq_1660140b42ae__cogvideox__s42.mp4,bench_results/bench003/M3/cogvideox/mq_1660140b42ae__cogvideox__s44.mp4
mqp_5002245,A,W-S,3,tie,0.0,"['1', '1']",False,bench_results/bench003/M2/cosmos_super/mq_166abf768b16__cosmos_super__s44.mp4,bench_results/bench003/M3/cogvideox/mq_166abf768b16__cogvideox__s43.mp4
mqp_5002246,same,M-S,3,tie,0.0,"['1', '1']",False,bench_results/bench003/M2/cosmos_super/mq_166abf768b16__cosmos_super__s42.mp4,bench_results/bench003/M2/cosmos_nano/mq_166abf768b16__cosmos_nano__s43.mp4
mqp_5002256,AA,S-S,3,a,1.0,"['1', '2']",True,bench_results/bench003/M2/cosmos_super/mq_16e791bc00c3__cosmos_super__s43.mp4,bench_results/bench003/M4/mq_16e791bc00c3__wan14b__s43.mp4
mqp_5002262,same,seed,3,tie,0.0,"['1', '1']",False,bench_results/bench003/N1/videos/mq_171ee836f8fe__pangu__s42.mp4,bench_results/bench003/N1/videos/mq_171ee836f8fe__pangu__s44.mp4
mqp_5002264,same,seed,3,a,1.0,"['1', '2']",True,bench_results/bench003/M1/hunyuan/mq_17282f5822e9__hunyuan__s43.mp4,bench_results/bench003/M1/hunyuan/mq_17282f5822e9__hunyuan__s42.mp4
mqp_5002273,AA,M-S,3,a,1.0,"['1', '2']",True,bench_results/bench003/M4/mq_1731a22b013e__wan14b__s42.mp4,bench_results/bench003/M2/cosmos_nano/mq_1731a22b013e__cosmos_nano__s43.mp4
mqp_5002274,B,S-S,3,b,-1.0,"['2', '1']",True,bench_results/bench003/M4/mq_1731a22b013e__wan14b__s44.mp4,bench_results/bench003/M3/ltx/mq_1731a22b013e__ltx__s42.mp4
mqp_5002293,B,M-S,3,tie,0.0,"['1', '1']",False,bench_results/bench003/N1/videos/mq_174e55ed2d09__pangu__s43.mp4,bench_results/bench003/M3/ltx/mq_174e55ed2d09__ltx__s42.mp4
mqp_5002297,A,seed,3,tie,0.0,"['1', '1']",False,bench_results/bench003/M4/mq_1797ac806185__wan14b__s43.mp4,bench_results/bench003/M4/mq_1797ac806185__wan14b__s44.mp4
mqp_5002303,B,seed,3,b,-1.0,"['2', '1']",True,bench_results/bench003/M3/wan5b/mq_17980de0ded1__wan5b__s44.mp4,bench_results/bench003/M3/wan5b/mq_17980de0ded1__wan5b__s42.mp4
mqp_5002306,same,S-S,3,b,-1.0,"['2', '1']",True,bench_results/bench003/M3/ltx/mq_179fec7c73b9__ltx__s44.mp4,bench_results/bench003/M4/mq_179fec7c73b9__wan14b__s44.mp4
mqp_5002311,A,M-S,3,tie,0.0,"['1', '1']",False,bench_results/bench003/M2/cosmos_super/mq_17a4bd6a7911__cosmos_super__s44.mp4,bench_results/bench003/M2/cosmos_nano/mq_17a4bd6a7911__cosmos_nano__s43.mp4
mqp_5002327,AA,seed,3,a,1.0,"['1', '2']",True,bench_results/bench003/M2/cosmos_super/mq_17e63af5823a__cosmos_super__s43.mp4,bench_results/bench003/M2/cosmos_super/mq_17e63af5823a__cosmos_super__s42.mp4
mqp_5002342,B,W-S,3,b,-1.0,"['2', '1']",True,bench_results/bench003/M3/cogvideox/mq_187f61857683__cogvideox__s44.mp4,bench_results/bench003/M2/cosmos_super/mq_187f61857683__cosmos_super__s43.mp4
mqp_5002345,same,seed,3,tie,0.0,"['1', '1']",False,bench_results/bench003/N1/videos/mq_187f96edfcd1__pangu__s44.mp4,bench_results/bench003/N1/videos/mq_187f96edfcd1__pangu__s42.mp4
mqp_5002348,same,seed,3,b,-1.0,"['2', '1']",True,bench_results/bench003/M2/cosmos_nano/mq_189441407897__cosmos_nano__s43.mp4,bench_results/bench003/M2/cosmos_nano/mq_189441407897__cosmos_nano__s42.mp4
mqp_5002369,same,S-S,3,b,-1.0,"['2', '1']",True,bench_results/bench003/M1/hunyuan/mq_18d5b66f3573__hunyuan__s43.mp4,bench_results/bench003/M4/mq_18d5b66f3573__wan14b__s44.mp4
mqp_5002370,same,seed,3,b,-1.0,"['2', '1']",True,bench_results/bench003/M1/hunyuan/mq_18d5b66f3573__hunyuan__s43.mp4,bench_results/bench003/M1/hunyuan/mq_18d5b66f3573__hunyuan__s44.mp4
mqp_5002383,B,S-S,3,b,-1.0,"['2', '1']",True,bench_results/bench003/M3/ltx/mq_190dab585df0__ltx__s43.mp4,bench_results/bench003/M1/hunyuan/mq_190dab585df0__hunyuan__s42.mp4
mqp_5002389,same,W-S,3,a,1.0,"['1', '2']",True,bench_results/bench003/M3/cogvideox/mq_19234e7a66ba__cogvideox__s43.mp4,bench_results/bench003/M4/mq_19234e7a66ba__wan14b__s42.mp4
mqp_5002391,A,seed,3,b,-1.0,"['2', '1']",True,bench_results/bench003/M3/wan5b/mq_19234e7a66ba__wan5b__s42.mp4,bench_results/bench003/M3/wan5b/mq_19234e7a66ba__wan5b__s43.mp4
mqp_5002395,B,S-S,3,b,-1.0,"['2', '1']",True,bench_results/bench003/M3/ltx/mq_1957d60a85ad__ltx__s44.mp4,bench_results/bench003/M2/cosmos_super/mq_1957d60a85ad__cosmos_super__s42.mp4
mqp_5002396,same,seed,3,a,1.0,"['1', '2']",True,bench_results/bench003/M3/ltx/mq_1969d8d8cd96__ltx__s42.mp4,bench_results/bench003/M3/ltx/mq_1969d8d8cd96__ltx__s43.mp4
mqp_5002412,B,M-S,3,a,1.0,"['1', '2']",True,bench_results/bench003/M2/cosmos_nano/mq_19a7488a229a__cosmos_nano__s43.mp4,bench_results/bench003/M2/cosmos_super/mq_19a7488a229a__cosmos_super__s43.mp4
mqp_5002421,AA,W-S,3,b,-1.0,"['2', '1']",True,bench_results/bench003/M3/ltx/mq_19e0cdfaefb2__ltx__s42.mp4,bench_results/bench003/M3/cogvideox/mq_19e0cdfaefb2__cogvideox__s44.mp4
mqp_5002432,same,seed,3,a,1.0,"['1', '2']",True,bench_results/bench003/M2/cosmos_super/mq_1a020d7b0e34__cosmos_super__s43.mp4,bench_results/bench003/M2/cosmos_super/mq_1a020d7b0e34__cosmos_super__s44.mp4
mqp_5002436,B,M-S,3,b,-1.0,"['2', '1']",True,bench_results/bench003/M2/cosmos_nano/mq_1a1e8f628e8f__cosmos_nano__s43.mp4,bench_results/bench003/M2/cosmos_super/mq_1a1e8f628e8f__cosmos_super__s42.mp4
mqp_5002441,same,M-S,3,tie,0.0,"['1', '1']",False,bench_results/bench003/N1/videos/mq_1a2978d6ab62__pangu__s44.mp4,bench_results/bench003/M3/ltx/mq_1a2978d6ab62__ltx__s42.mp4
mqp_5002449,B,W-W,3,b,-1.0,"['2', '1']",True,bench_results/bench003/M3/cogvideox/mq_1a3392999890__cogvideox__s44.mp4,bench_results/bench003/M3/wan5b/mq_1a3392999890__wan5b__s43.mp4
mqp_5002450,BB,W-S,3,b,-1.0,"['2', '1']",True,bench_results/bench003/M3/cogvideox/mq_1a3392999890__cogvideox__s43.mp4,bench_results/bench003/M4/mq_1a3392999890__wan14b__s44.mp4
mqp_5002456,B,M-S,3,tie,0.0,"['2', '2']",False,bench_results/bench003/M4/mq_1a55407297a7__wan14b__s42.mp4,bench_results/bench003/M2/cosmos_nano/mq_1a55407297a7__cosmos_nano__s44.mp4
mqp_5002463,same,S-S,3,b,-1.0,"['2', '1']",True,bench_results/bench003/M4/mq_1a70391806a7__wan14b__s43.mp4,bench_results/bench003/M3/ltx/mq_1a70391806a7__ltx__s42.mp4
mqp_5002466,A,seed,3,tie,0.0,"['1', '1']",False,bench_results/bench003/M4/mq_1a773ed7ac1f__wan14b__s42.mp4,bench_results/bench003/M4/mq_1a773ed7ac1f__wan14b__s44.mp4
mqp_5002482,same,seed,3,tie,0.0,"['1', '1']",False,bench_results/bench003/M3/wan5b/mq_1b145081f3d1__wan5b__s42.mp4,bench_results/bench003/M3/wan5b/mq_1b145081f3d1__wan5b__s43.mp4
mqp_5002487,same,seed,3,a,1.0,"['1', '2']",True,bench_results/bench003/M3/cogvideox/mq_1b301d0f28d4__cogvideox__s43.mp4,bench_results/bench003/M3/cogvideox/mq_1b301d0f28d4__cogvideox__s42.mp4
mqp_5002488,A,seed,3,tie,0.0,"['1', '1']",False,bench_results/bench003/M2/cosmos_super/mq_1b3246523469__cosmos_super__s44.mp4,bench_results/bench003/M2/cosmos_super/mq_1b3246523469__cosmos_super__s42.mp4
mqp_5002495,A,S-S,3,tie,0.0,"['2', '2']",False,bench_results/bench003/M4/mq_1b3a527f0e5c__wan14b__s43.mp4,bench_results/bench003/M3/ltx/mq_1b3a527f0e5c__ltx__s42.mp4
mqp_5002496,A,M-S,3,tie,0.0,"['1', '1']",False,bench_results/bench003/M2/cosmos_nano/mq_1b94b780a1f7__cosmos_nano__s42.mp4,bench_results/bench003/M4/mq_1b94b780a1f7__wan14b__s42.mp4
mqp_5002504,same,seed,3,tie,0.0,"['1', '1']",False,bench_results/bench003/N1/videos/mq_1bb6b984c0dc__pangu__s44.mp4,bench_results/bench003/N1/videos/mq_1bb6b984c0dc__pangu__s42.mp4
mqp_5002506,same,M-S,3,a,1.0,"['1', '2']",True,bench_results/bench003/M2/cosmos_nano/mq_1bb6b984c0dc__cosmos_nano__s42.mp4,bench_results/bench003/M1/hunyuan/mq_1bb6b984c0dc__hunyuan__s42.mp4
mqp_5002514,B,W-S,3,b,-1.0,"['2', '1']",True,bench_results/bench003/M3/wan5b/mq_1bcad8026c9c__wan5b__s42.mp4,bench_results/bench003/M4/mq_1bcad8026c9c__wan14b__s44.mp4
mqp_5002517,same,seed,3,b,-1.0,"['2', '1']",True,bench_results/bench003/M3/ltx/mq_1bd5c9c76919__ltx__s42.mp4,bench_results/bench003/M3/ltx/mq_1bd5c9c76919__ltx__s43.mp4
mqp_5002537,same,S-S,3,tie,0.0,"['1', '1']",False,bench_results/bench003/M2/cosmos_super/mq_1c240d3eabb0__cosmos_super__s42.mp4,bench_results/bench003/M3/ltx/mq_1c240d3eabb0__ltx__s43.mp4
mqp_5002544,same,M-S,3,b,-1.0,"['2', '1']",True,bench_results/bench003/M2/cosmos_nano/mq_1c923a1ce0d9__cosmos_nano__s42.mp4,bench_results/bench003/M3/ltx/mq_1c923a1ce0d9__ltx__s42.mp4
mqp_5002547,same,seed,3,b,-1.0,"['2', '1']",True,bench_results/bench003/M3/cogvideox/mq_1c923a1ce0d9__cogvideox__s44.mp4,bench_results/bench003/M3/cogvideox/mq_1c923a1ce0d9__cogvideox__s43.mp4
mqp_5002551,A,W-S,3,a,1.0,"['1', '2']",True,bench_results/bench003/M3/ltx/mq_1ca07409fc9d__ltx__s43.mp4,bench_results/bench003/M3/cogvideox/mq_1ca07409fc9d__cogvideox__s44.mp4
mqp_5002563,B,W-S,3,tie,0.0,"['1', '1']",False,bench_results/bench003/M4/mq_1d384cf9dfff__wan14b__s43.mp4,bench_results/bench003/M3/wan5b/mq_1d384cf9dfff__wan5b__s44.mp4
mqp_5002572,same,S-S,3,b,-1.0,"['2', '1']",True,bench_results/bench003/M3/ltx/mq_1d458ac899bf__ltx__s44.mp4,bench_results/bench003/M4/mq_1d458ac899bf__wan14b__s42.mp4
mqp_5002573,same,seed,3,tie,0.0,"['1', '1']",False,bench_results/bench003/M3/wan5b/mq_1d458ac899bf__wan5b__s43.mp4,bench_results/bench003/M3/wan5b/mq_1d458ac899bf__wan5b__s42.mp4
mqp_5002576,B,M-S,3,tie,0.0,"['1', '1']",False,bench_results/bench003/M1/hunyuan/mq_1d696a6262b2__hunyuan__s42.mp4,bench_results/bench003/M2/cosmos_nano/mq_1d696a6262b2__cosmos_nano__s44.mp4
mqp_5002584,same,seed,3,a,1.0,"['1', '2']",True,bench_results/bench003/M3/ltx/mq_1dcc2a06a764__ltx__s42.mp4,bench_results/bench003/M3/ltx/mq_1dcc2a06a764__ltx__s43.mp4
mqp_5002588,B,S-S,3,a,1.0,"['1', '2']",True,bench_results/bench003/M2/cosmos_super/mq_1dd7a390a962__cosmos_super__s43.mp4,bench_results/bench003/M4/mq_1dd7a390a962__wan14b__s43.mp4
mqp_5002592,same,seed,3,b,-1.0,"['2', '1']",True,bench_results/bench003/M1/hunyuan/mq_1dea1f915f3d__hunyuan__s43.mp4,bench_results/bench003/M1/hunyuan/mq_1dea1f915f3d__hunyuan__s44.mp4
mqp_5002600,same,seed,3,a,1.0,"['1', '2']",True,bench_results/bench003/M2/cosmos_super/mq_1e1446cb3823__cosmos_super__s44.mp4,bench_results/bench003/M2/cosmos_super/mq_1e1446cb3823__cosmos_super__s42.mp4
mqp_5002603,BB,W-S,3,b,-1.0,"['2', '1']",True,bench_results/bench003/M3/cogvideox/mq_1e1446cb3823__cogvideox__s42.mp4,bench_results/bench003/M2/cosmos_super/mq_1e1446cb3823__cosmos_super__s43.mp4
mqp_5002611,AA,seed,3,tie,0.0,"['1', '1']",False,bench_results/bench003/M3/ltx/mq_1e210be3a807__ltx__s42.mp4,bench_results/bench003/M3/ltx/mq_1e210be3a807__ltx__s44.mp4
mqp_5002620,B,M-S,3,a,1.0,"['1', '2']",True,bench_results/bench003/N2/videos/mq_1e505dc677f6__pangu__s42.mp4,bench_results/bench003/M3/ltx/mq_1e505dc677f6__ltx__s43.mp4
mqp_5002624,A,seed,3,a,1.0,"['1', '2']",True,bench_results/bench003/M3/cogvideox/mq_1e6016c1fd0a__cogvideox__s43.mp4,bench_results/bench003/M3/cogvideox/mq_1e6016c1fd0a__cogvideox__s44.mp4
mqp_5002629,same,seed,3,tie,0.0,"['1', '1']",False,bench_results/bench003/M2/cosmos_super/mq_1e6f7a34af07__cosmos_super__s43.mp4,bench_results/bench003/M2/cosmos_super/mq_1e6f7a34af07__cosmos_super__s44.mp4
mqp_5002631,AA,M-M,3,a,1.0,"['1', '2']",True,bench_results/bench003/N2/videos/mq_1e6f7a34af07__pangu__s43.mp4,bench_results/bench003/M2/cosmos_nano/mq_1e6f7a34af07__cosmos_nano__s42.mp4
mqp_5002638,same,seed,3,tie,0.0,"['1', '1']",False,bench_results/bench003/M4/mq_1e86b853236f__wan14b__s42.mp4,bench_results/bench003/M4/mq_1e86b853236f__wan14b__s43.mp4
mqp_5002659,A,W-M,3,b,-1.0,"['2', '1']",True,bench_results/bench003/M2/cosmos_nano/mq_1f006b0cdb18__cosmos_nano__s44.mp4,bench_results/bench003/M3/cogvideox/mq_1f006b0cdb18__cogvideox__s44.mp4
mqp_5002661,same,seed,3,tie,0.0,"['1', '1']",False,bench_results/bench003/N2/videos/mq_1f01fa3e5c7a__pangu__s44.mp4,bench_results/bench003/N2/videos/mq_1f01fa3e5c7a__pangu__s42.mp4
mqp_5002664,same,seed,3,tie,0.0,"['1', '1']",False,bench_results/bench003/M2/cosmos_nano/mq_1f108a8c4ab3__cosmos_nano__s43.mp4,bench_results/bench003/M2/cosmos_nano/mq_1f108a8c4ab3__cosmos_nano__s44.mp4
mqp_5002672,A,W-W,3,b,-1.0,"['2', '1']",True,bench_results/bench003/M3/wan5b/mq_1f4b2e482d03__wan5b__s44.mp4,bench_results/bench003/M3/cogvideox/mq_1f4b2e482d03__cogvideox__s43.mp4
mqp_5002679,same,seed,3,a,1.0,"['1', '2']",True,bench_results/bench003/M3/cogvideox/mq_1f87b3b4e696__cogvideox__s44.mp4,bench_results/bench003/M3/cogvideox/mq_1f87b3b4e696__cogvideox__s43.mp4
mqp_5002682,AA,S-S,3,a,1.0,"['1', '2']",True,bench_results/bench003/M2/cosmos_super/mq_1fb89c257181__cosmos_super__s43.mp4,bench_results/bench003/M4/mq_1fb89c257181__wan14b__s44.mp4
mqp_5002685,A,seed,3,a,1.0,"['1', '2']",True,bench_results/bench003/M3/wan5b/mq_1fba3785a96b__wan5b__s42.mp4,bench_results/bench003/M3/wan5b/mq_1fba3785a96b__wan5b__s43.mp4
mqp_5002699,A,W-S,3,b,-1.0,"['2', '1']",True,bench_results/bench003/M2/cosmos_super/mq_2068ece028e8__cosmos_super__s42.mp4,bench_results/bench003/M3/wan5b/mq_2068ece028e8__wan5b__s43.mp4
mqp_5002707,BB,seed,3,b,-1.0,"['2', '1']",True,bench_results/bench003/M2/cosmos_nano/mq_208d681fe278__cosmos_nano__s44.mp4,bench_results/bench003/M2/cosmos_nano/mq_208d681fe278__cosmos_nano__s43.mp4
mqp_5002711,BB,M-M,3,tie,0.0,"['2', '2']",False,bench_results/bench003/N2/videos/mq_209055c96bdc__pangu__s42.mp4,bench_results/bench003/M2/cosmos_nano/mq_209055c96bdc__cosmos_nano__s42.mp4
mqp_5002727,same,M-S,3,a,1.0,"['1', '2']",True,bench_results/bench003/M2/cosmos_nano/mq_210bb1138fe3__cosmos_nano__s42.mp4,bench_results/bench003/M2/cosmos_super/mq_210bb1138fe3__cosmos_super__s44.mp4
mqp_5002730,BB,seed,3,a,1.0,"['1', '2']",True,bench_results/bench003/N2/videos/mq_219ab659f6a7__pangu__s44.mp4,bench_results/bench003/N2/videos/mq_219ab659f6a7__pangu__s43.mp4
mqp_5002735,A,W-S,3,b,-1.0,"['2', '1']",True,bench_results/bench003/M3/ltx/mq_21eca5cd40ef__ltx__s42.mp4,bench_results/bench003/M3/cogvideox/mq_21eca5cd40ef__cogvideox__s43.mp4
mqp_5002740,same,seed,3,tie,0.0,"['1', '1']",False,bench_results/bench003/M1/hunyuan/mq_223a9b230088__hunyuan__s42.mp4,bench_results/bench003/M1/hunyuan/mq_223a9b230088__hunyuan__s44.mp4
mqp_5002746,A,S-S,3,b,-1.0,"['2', '1']",True,bench_results/bench003/M1/hunyuan/mq_224b90b61dcc__hunyuan__s43.mp4,bench_results/bench003/M3/ltx/mq_224b90b61dcc__ltx__s43.mp4
mqp_5002754,same,S-S,3,b,-1.0,"['2', '1']",True,bench_results/bench003/M3/ltx/mq_22c385d5856e__ltx__s44.mp4,bench_results/bench003/M4/mq_22c385d5856e__wan14b__s44.mp4
mqp_5002765,A,seed,3,tie,0.0,"['1', '1']",False,bench_results/bench003/M4/mq_23054f81d86f__wan14b__s42.mp4,bench_results/bench003/M4/mq_23054f81d86f__wan14b__s44.mp4
mqp_5002772,A,W-S,3,a,1.0,"['1', '2']",True,bench_results/bench003/M4/mq_2325aa9326ca__wan14b__s43.mp4,bench_results/bench003/M3/wan5b/mq_2325aa9326ca__wan5b__s44.mp4
mqp_5002775,B,S-S,3,tie,0.0,"['1', '1']",False,bench_results/bench003/M3/ltx/mq_2325aa9326ca__ltx__s42.mp4,bench_results/bench003/M2/cosmos_super/mq_2325aa9326ca__cosmos_super__s43.mp4
mqp_5002794,same,seed,3,tie,0.0,"['1', '1']",False,bench_results/bench003/N2/videos/mq_2353a0086fc8__pangu__s43.mp4,bench_results/bench003/N2/videos/mq_2353a0086fc8__pangu__s44.mp4
mqp_5002798,same,W-M,3,a,1.0,"['1', '2']",True,bench_results/bench003/M3/wan5b/mq_235ef58cfe88__wan5b__s44.mp4,bench_results/bench003/M2/cosmos_nano/mq_235ef58cfe88__cosmos_nano__s43.mp4
mqp_5002806,AA,S-S,3,a,1.0,"['1', '2']",True,bench_results/bench003/M4/mq_23bcd7dc9ad5__wan14b__s44.mp4,bench_results/bench003/M2/cosmos_super/mq_23bcd7dc9ad5__cosmos_super__s42.mp4
mqp_5002813,same,S-S,3,tie,0.0,"['1', '1']",False,bench_results/bench003/M4/mq_23f2a52ed318__wan14b__s44.mp4,bench_results/bench003/M1/hunyuan/mq_23f2a52ed318__hunyuan__s43.mp4
mqp_5002820,B,M-S,3,a,1.0,"['1', '2']",True,bench_results/bench003/M4/mq_240056fd2832__wan14b__s42.mp4,bench_results/bench003/M2/cosmos_nano/mq_240056fd2832__cosmos_nano__s42.mp4
mqp_5002829,same,M-S,3,a,1.0,"['1', '2']",True,bench_results/bench003/M2/cosmos_super/mq_24674a48b1ef__cosmos_super__s43.mp4,bench_results/bench003/M2/cosmos_nano/mq_24674a48b1ef__cosmos_nano__s43.mp4
mqp_5002833,BB,M-S,3,tie,0.0,"['1', '1']",False,bench_results/bench003/M2/cosmos_nano/mq_248cdce9eeb9__cosmos_nano__s44.mp4,bench_results/bench003/M3/ltx/mq_248cdce9eeb9__ltx__s42.mp4
mqp_5002847,BB,W-S,3,b,-1.0,"['2', '1']",True,bench_results/bench003/M3/cogvideox/mq_24de12019c12__cogvideox__s43.mp4,bench_results/bench003/M4/mq_24de12019c12__wan14b__s42.mp4
mqp_5002861,A,W-W,3,b,-1.0,"['2', '1']",True,bench_results/bench003/M3/wan5b/mq_256140c9f492__wan5b__s44.mp4,bench_results/bench003/M3/cogvideox/mq_256140c9f492__cogvideox__s42.mp4
mqp_5002864,same,seed,3,tie,0.0,"['1', '1']",False,bench_results/bench003/M3/cogvideox/mq_25cada28d593__cogvideox__s42.mp4,bench_results/bench003/M3/cogvideox/mq_25cada28d593__cogvideox__s43.mp4
mqp_5002867,B,W-S,3,tie,0.0,"['1', '1']",False,bench_results/bench003/M3/wan5b/mq_25cada28d593__wan5b__s43.mp4,bench_results/bench003/M3/ltx/mq_25cada28d593__ltx__s43.mp4
mqp_5002870,B,M-S,3,a,1.0,"['1', '2']",True,bench_results/bench003/M2/cosmos_nano/mq_25cc63c2bdd0__cosmos_nano__s42.mp4,bench_results/bench003/M2/cosmos_super/mq_25cc63c2bdd0__cosmos_super__s43.mp4
mqp_5002894,B,M-S,3,b,-1.0,"['2', '1']",True,bench_results/bench003/M2/cosmos_super/mq_274bead4a13c__cosmos_super__s44.mp4,bench_results/bench003/N2/videos/mq_274bead4a13c__pangu__s44.mp4
mqp_5002918,same,W-M,3,b,-1.0,"['2', '1']",True,bench_results/bench003/M3/wan5b/mq_27bf366b4dc9__wan5b__s42.mp4,bench_results/bench003/N2/videos/mq_27bf366b4dc9__pangu__s42.mp4
mqp_5002962,A,W-S,3,b,-1.0,"['2', '1']",True,bench_results/bench003/M3/wan5b/mq_2ae28bddcc11__wan5b__s42.mp4,bench_results/bench003/M4/mq_2ae28bddcc11__wan14b__s43.mp4
mqp_5002963,B,M-S,3,b,-1.0,"['2', '1']",True,bench_results/bench003/N2/videos/mq_2ae28bddcc11__pangu__s43.mp4,bench_results/bench003/M4/mq_2ae28bddcc11__wan14b__s43.mp4
mqp_5002981,AA,W-S,3,tie,0.0,"['1', '1']",False,bench_results/bench003/M4/mq_2b6be8ca7a2e__wan14b__s43.mp4,bench_results/bench003/M3/wan5b/mq_2b6be8ca7a2e__wan5b__s42.mp4
mqp_5002998,A,W-M,3,b,-1.0,"['2', '1']",True,bench_results/bench003/N2/videos/mq_2c020cf0cb93__pangu__s43.mp4,bench_results/bench003/M3/wan5b/mq_2c020cf0cb93__wan5b__s43.mp4
mqp_5003014,B,S-S,3,b,-1.0,"['2', '1']",True,bench_results/bench003/M2/cosmos_super/mq_2c8ae70fc618__cosmos_super__s43.mp4,bench_results/bench003/M3/ltx/mq_2c8ae70fc618__ltx__s44.mp4
mqp_5003049,same,seed,3,tie,0.0,"['1', '1']",False,bench_results/bench004/M3/wan5b/mq_2d252b43bf32__wan5b__s43.mp4,bench_results/bench004/M3/wan5b/mq_2d252b43bf32__wan5b__s44.mp4
mqp_5003057,same,seed,3,a,1.0,"['1', '2']",True,bench_results/bench004/M3/wan5b/mq_2d462bf1c225__wan5b__s43.mp4,bench_results/bench004/M3/wan5b/mq_2d462bf1c225__wan5b__s44.mp4
mqp_5003058,same,M-M,3,b,-1.0,"['2', '1']",True,bench_results/bench004/M2/cosmos_nano/mq_2d629231ad2d__cosmos_nano__s43.mp4,bench_results/bench004/N1/videos/mq_2d629231ad2d__pangu__s43.mp4
mqp_5003067,B,W-S,3,tie,0.0,"['2', '2']",False,bench_results/bench004/M3/wan5b/mq_2e216b916d12__wan5b__s42.mp4,bench_results/bench004/M1/wan14b/mq_2e216b916d12__wan14b__s42.mp4
mqp_5003073,A,M-S,3,tie,0.0,"['1', '1']",False,bench_results/bench004/M1/hunyuan/mq_2e279d1d1283__hunyuan__s43.mp4,bench_results/bench004/N1/videos/mq_2e279d1d1283__pangu__s42.mp4
mqp_5003075,same,M-S,3,b,-1.0,"['2', '1']",True,bench_results/bench004/M2/cosmos_super/mq_2e2b63bd076d__cosmos_super__s42.mp4,bench_results/bench004/N1/videos/mq_2e2b63bd076d__pangu__s43.mp4
mqp_5003088,BB,S-S,3,b,-1.0,"['2', '1']",True,bench_results/bench004/M2/cosmos_super/mq_30431a130993__cosmos_super__s44.mp4,bench_results/bench004/M1/hunyuan/mq_30431a130993__hunyuan__s42.mp4
mqp_5003097,B,seed,3,tie,0.0,"['1', '1']",False,bench_results/bench004/M2/cosmos_nano/mq_3085911d11a6__cosmos_nano__s42.mp4,bench_results/bench004/M2/cosmos_nano/mq_3085911d11a6__cosmos_nano__s43.mp4
mqp_5003099,BB,M-S,3,b,-1.0,"['2', '1']",True,bench_results/bench004/M3/ltx/mq_3093532676b4__ltx__s44.mp4,bench_results/bench004/N1/videos/mq_3093532676b4__pangu__s42.mp4
mqp_5003105,B,M-S,3,a,1.0,"['1', '2']",True,bench_results/bench004/M3/ltx/mq_30af987759e7__ltx__s43.mp4,bench_results/bench004/M2/cosmos_nano/mq_30af987759e7__cosmos_nano__s42.mp4
mqp_5003109,B,S-S,3,a,1.0,"['1', '2']",True,bench_results/bench004/M3/ltx/mq_30f4b924baca__ltx__s44.mp4,bench_results/bench004/M1/hunyuan/mq_30f4b924baca__hunyuan__s42.mp4
mqp_5003112,AA,W-M,3,a,1.0,"['1', '2']",True,bench_results/bench004/N1/videos/mq_31a4a52220bd__pangu__s44.mp4,bench_results/bench004/M3/cogvideox/mq_31a4a52220bd__cogvideox__s42.mp4
mqp_5003129,same,seed,3,tie,0.0,"['2', '2']",False,bench_results/bench004/M3/ltx/mq_32c653c6f698__ltx__s43.mp4,bench_results/bench004/M3/ltx/mq_32c653c6f698__ltx__s44.mp4
mqp_5003133,A,S-S,3,a,1.0,"['1', '2']",True,bench_results/bench004/M1/hunyuan/mq_32c677c11467__hunyuan__s43.mp4,bench_results/bench004/M1/wan14b/mq_32c677c11467__wan14b__s43.mp4
mqp_5003152,A,M-S,3,b,-1.0,"['2', '1']",True,bench_results/bench004/M2/cosmos_super/mq_33d8e05a90dd__cosmos_super__s43.mp4,bench_results/bench004/M2/cosmos_nano/mq_33d8e05a90dd__cosmos_nano__s44.mp4
mqp_5003154,A,W-S,3,b,-1.0,"['2', '1']",True,bench_results/bench004/M1/hunyuan/mq_3465d2ed2fcc__hunyuan__s42.mp4,bench_results/bench004/M3/wan5b/mq_3465d2ed2fcc__wan5b__s44.mp4
mqp_5003159,A,W-S,3,a,1.0,"['1', '2']",True,bench_results/bench004/M3/ltx/mq_3553ac12fc5c__ltx__s42.mp4,bench_results/bench004/M3/wan5b/mq_3553ac12fc5c__wan5b__s43.mp4
mqp_5003179,same,seed,3,a,1.0,"['1', '2']",True,bench_results/bench004/M3/wan14b/mq_35f3ed72c600__wan14b__s43.mp4,bench_results/bench004/M3/wan14b/mq_35f3ed72c600__wan14b__s44.mp4
mqp_5003189,AA,seed,3,tie,0.0,"['1', '1']",False,bench_results/bench004/M3/wan5b/mq_36958bde998e__wan5b__s42.mp4,bench_results/bench004/M3/wan5b/mq_36958bde998e__wan5b__s44.mp4
mqp_5003202,BB,M-S,3,a,1.0,"['1', '2']",True,bench_results/bench004/N1/videos/mq_3958a770f761__pangu__s44.mp4,bench_results/bench004/M2/cosmos_super/mq_3958a770f761__cosmos_super__s43.mp4
mqp_5003212,B,M-S,3,a,1.0,"['1', '2']",True,bench_results/bench004/N1/videos/mq_3a3458781ac1__pangu__s44.mp4,bench_results/bench004/M1/hunyuan/mq_3a3458781ac1__hunyuan__s44.mp4
mqp_5003227,AA,W-S,3,a,1.0,"['1', '2']",True,bench_results/bench004/M3/wan5b/mq_3c2e68819059__wan5b__s44.mp4,bench_results/bench004/M2/cosmos_super/mq_3c2e68819059__cosmos_super__s44.mp4
mqp_5003233,BB,W-S,3,b,-1.0,"['2', '1']",True,bench_results/bench004/M3/wan5b/mq_3cb0e07b2da5__wan5b__s43.mp4,bench_results/bench004/M4/mq_3cb0e07b2da5__wan14b__s43.mp4
mqp_5003237,B,S-S,3,a,1.0,"['1', '2']",True,bench_results/bench004/M2/cosmos_super/mq_3ce959efcd09__cosmos_super__s42.mp4,bench_results/bench004/M3/ltx/mq_3ce959efcd09__ltx__s44.mp4
mqp_5003261,A,W-S,3,tie,0.0,"['2', '2']",False,bench_results/bench004/M1/hunyuan/mq_3e0a1cb53ad3__hunyuan__s42.mp4,bench_results/bench004/M3/cogvideox/mq_3e0a1cb53ad3__cogvideox__s44.mp4
mqp_5003265,B,M-M,3,b,-1.0,"['2', '1']",True,bench_results/bench004/N1/videos/mq_3e3b23dad633__pangu__s44.mp4,bench_results/bench004/M2/cosmos_nano/mq_3e3b23dad633__cosmos_nano__s44.mp4
mqp_5003277,A,seed,3,b,-1.0,"['2', '1']",True,bench_results/bench004/M2/cosmos_super/mq_3f69f86a29ef__cosmos_super__s43.mp4,bench_results/bench004/M2/cosmos_super/mq_3f69f86a29ef__cosmos_super__s44.mp4
mqp_5003280,A,M-S,3,b,-1.0,"['2', '1']",True,bench_results/bench004/M2/cosmos_nano/mq_3fe9dcefcff9__cosmos_nano__s42.mp4,bench_results/bench004/M3/ltx/mq_3fe9dcefcff9__ltx__s43.mp4
mqp_5003287,A,W-S,3,a,1.0,"['1', '2']",True,bench_results/bench004/M3/ltx/mq_41771c566f7a__ltx__s42.mp4,bench_results/bench004/M3/wan5b/mq_41771c566f7a__wan5b__s44.mp4
mqp_5003303,same,seed,3,a,1.0,"['1', '2']",True,bench_results/bench004/M2/cosmos_nano/mq_41ebd68563ab__cosmos_nano__s42.mp4,bench_results/bench004/M2/cosmos_nano/mq_41ebd68563ab__cosmos_nano__s44.mp4
mqp_5003314,same,seed,3,tie,0.0,"['2', '2']",False,bench_results/bench004/M4/mq_439455189cf4__wan14b__s42.mp4,bench_results/bench004/M4/mq_439455189cf4__wan14b__s44.mp4
mqp_5003323,A,W-S,3,a,1.0,"['1', '2']",True,bench_results/bench004/M2/cosmos_super/mq_445ce26f9ea2__cosmos_super__s42.mp4,bench_results/bench004/M3/cogvideox/mq_445ce26f9ea2__cogvideox__s44.mp4
mqp_5003331,same,seed,3,a,1.0,"['1', '2']",True,bench_results/bench004/M2/cosmos_super/mq_44de9c524354__cosmos_super__s43.mp4,bench_results/bench004/M2/cosmos_super/mq_44de9c524354__cosmos_super__s44.mp4
mqp_5003334,same,S-S,3,a,1.0,"['1', '2']",True,bench_results/bench004/M4/mq_453d2fb2dc03__wan14b__s43.mp4,bench_results/bench004/M2/cosmos_super/mq_453d2fb2dc03__cosmos_super__s42.mp4
mqp_5003353,same,M-S,3,a,1.0,"['1', '2']",True,bench_results/bench004/N1/videos/mq_46764127e388__pangu__s42.mp4,bench_results/bench004/M3/ltx/mq_46764127e388__ltx__s42.mp4
mqp_5003362,same,M-S,3,b,-1.0,"['2', '1']",True,bench_results/bench004/M2/cosmos_super/mq_47502991c6b2__cosmos_super__s44.mp4,bench_results/bench004/N1/videos/mq_47502991c6b2__pangu__s44.mp4
mqp_5003378,AA,W-S,3,tie,0.0,"['1', '1']",False,bench_results/bench004/M1/hunyuan/mq_4824ee5ee209__hunyuan__s44.mp4,bench_results/bench004/M3/wan5b/mq_4824ee5ee209__wan5b__s42.mp4
mqp_5003379,A,W-M,3,a,1.0,"['1', '2']",True,bench_results/bench004/M2/cosmos_nano/mq_4824ee5ee209__cosmos_nano__s44.mp4,bench_results/bench004/M3/cogvideox/mq_4824ee5ee209__cogvideox__s43.mp4
mqp_5003387,same,seed,3,tie,0.0,"['1', '1']",False,bench_results/bench004/N1/videos/mq_493e7620ad54__pangu__s44.mp4,bench_results/bench004/N1/videos/mq_493e7620ad54__pangu__s43.mp4
mqp_5003391,same,seed,3,tie,0.0,"['1', '1']",False,bench_results/bench004/M2/cosmos_super/mq_49b3b7e3ca95__cosmos_super__s43.mp4,bench_results/bench004/M2/cosmos_super/mq_49b3b7e3ca95__cosmos_super__s42.mp4
mqp_5003420,A,M-S,3,b,-1.0,"['2', '1']",True,bench_results/bench004/M1/hunyuan/mq_4bed31bfcf5a__hunyuan__s43.mp4,bench_results/bench004/N1/videos/mq_4bed31bfcf5a__pangu__s43.mp4
mqp_5003422,A,W-M,3,a,1.0,"['1', '2']",True,bench_results/bench004/M2/cosmos_nano/mq_4c41cbee3940__cosmos_nano__s44.mp4,bench_results/bench004/M3/cogvideox/mq_4c41cbee3940__cogvideox__s44.mp4
mqp_5003432,same,S-S,3,a,1.0,"['1', '2']",True,bench_results/bench004/M3/ltx/mq_4c9df68fb45a__ltx__s43.mp4,bench_results/bench004/M2/cosmos_super/mq_4c9df68fb45a__cosmos_super__s43.mp4
mqp_5003441,same,M-M,3,b,-1.0,"['2', '1']",True,bench_results/bench004/M2/cosmos_nano/mq_4d6304f29377__cosmos_nano__s43.mp4,bench_results/bench004/N1/videos/mq_4d6304f29377__pangu__s43.mp4
mqp_5003444,same,S-S,3,tie,0.0,"['1', '1']",False,bench_results/bench004/M4/mq_4e5180721848__wan14b__s42.mp4,bench_results/bench004/M1/hunyuan/mq_4e5180721848__hunyuan__s43.mp4
mqp_5003448,same,W-M,3,b,-1.0,"['2', '1']",True,bench_results/bench004/M2/cosmos_nano/mq_4f5ebbe3d3af__cosmos_nano__s42.mp4,bench_results/bench004/M3/wan5b/mq_4f5ebbe3d3af__wan5b__s42.mp4
mqp_5003489,same,S-S,3,tie,0.0,"['2', '2']",False,bench_results/bench004/M4/mq_533471ea7163__wan14b__s43.mp4,bench_results/bench004/M3/ltx/mq_533471ea7163__ltx__s42.mp4
mqp_5003510,A,W-M,3,a,1.0,"['1', '2']",True,bench_results/bench004/N1/videos/mq_56b94b682d22__pangu__s42.mp4,bench_results/bench004/M3/cogvideox/mq_56b94b682d22__cogvideox__s44.mp4
mqp_5003515,same,W-W,3,b,-1.0,"['2', '1']",True,bench_results/bench004/M3/cogvideox/mq_56c00eab0d85__cogvideox__s44.mp4,bench_results/bench004/M3/wan5b/mq_56c00eab0d85__wan5b__s42.mp4
mqp_5003524,same,seed,3,a,1.0,"['1', '2']",True,bench_results/bench004/M2/cosmos_nano/mq_59112b44ddce__cosmos_nano__s43.mp4,bench_results/bench004/M2/cosmos_nano/mq_59112b44ddce__cosmos_nano__s44.mp4
mqp_5003527,B,M-S,3,b,-1.0,"['2', '1']",True,bench_results/bench004/N1/videos/mq_594abfbb6c75__pangu__s43.mp4,bench_results/bench004/M4/mq_594abfbb6c75__wan14b__s44.mp4
mqp_5003533,A,M-S,3,b,-1.0,"['2', '1']",True,bench_results/bench004/M3/ltx/mq_5a03be6eceef__ltx__s42.mp4,bench_results/bench004/N1/videos/mq_5a03be6eceef__pangu__s42.mp4
mqp_5003551,B,W-S,3,b,-1.0,"['2', '1']",True,bench_results/bench004/M3/wan5b/mq_5ab9ecb929dc__wan5b__s42.mp4,bench_results/bench004/M2/cosmos_super/mq_5ab9ecb929dc__cosmos_super__s44.mp4
mqp_5003564,same,M-S,3,a,1.0,"['1', '2']",True,bench_results/bench004/M2/cosmos_nano/mq_5e0b5297a674__cosmos_nano__s42.mp4,bench_results/bench004/M2/cosmos_super/mq_5e0b5297a674__cosmos_super__s42.mp4
mqp_5003583,A,S-S,3,a,1.0,"['1', '2']",True,bench_results/bench004/M1/hunyuan/mq_610e601172c0__hunyuan__s44.mp4,bench_results/bench004/M2/cosmos_super/mq_610e601172c0__cosmos_super__s42.mp4
mqp_5003611,same,seed,3,tie,0.0,"['1', '1']",False,bench_results/bench004/M1/hunyuan/mq_653e10acd195__hunyuan__s42.mp4,bench_results/bench004/M1/hunyuan/mq_653e10acd195__hunyuan__s44.mp4
mqp_5003612,B,W-S,3,b,-1.0,"['2', '1']",True,bench_results/bench004/M3/wan5b/mq_653e10acd195__wan5b__s42.mp4,bench_results/bench004/M1/hunyuan/mq_653e10acd195__hunyuan__s43.mp4
mqp_5003623,same,seed,3,a,1.0,"['1', '2']",True,bench_results/bench004/M3/ltx/mq_6692d0a399a9__ltx__s42.mp4,bench_results/bench004/M3/ltx/mq_6692d0a399a9__ltx__s43.mp4
mqp_5003626,B,W-S,3,tie,0.0,"['1', '1']",False,bench_results/bench004/M3/cogvideox/mq_66afc429bd25__cogvideox__s42.mp4,bench_results/bench004/M2/cosmos_super/mq_66afc429bd25__cosmos_super__s43.mp4
mqp_5003628,B,M-S,3,b,-1.0,"['2', '1']",True,bench_results/bench004/M2/cosmos_super/mq_66afc429bd25__cosmos_super__s44.mp4,bench_results/bench004/M2/cosmos_nano/mq_66afc429bd25__cosmos_nano__s42.mp4
mqp_5003630,same,W-W,3,tie,0.0,"['1', '1']",False,bench_results/bench004/M3/wan5b/mq_66ffdd03da64__wan5b__s43.mp4,bench_results/bench004/M3/cogvideox/mq_66ffdd03da64__cogvideox__s43.mp4
mqp_5003636,B,seed,3,b,-1.0,"['2', '1']",True,bench_results/bench004/N2/videos/mq_6a46a4bbd022__pangu__s44.mp4,bench_results/bench004/N2/videos/mq_6a46a4bbd022__pangu__s42.mp4
mqp_5003644,AA,M-S,3,tie,0.0,"['1', '1']",False,bench_results/bench004/M3/ltx/mq_6c76094a1259__ltx__s43.mp4,bench_results/bench004/M2/cosmos_nano/mq_6c76094a1259__cosmos_nano__s42.mp4
mqp_5003649,AA,W-S,3,a,1.0,"['1', '2']",True,bench_results/bench004/M3/ltx/mq_6dd5a99d7b64__ltx__s42.mp4,bench_results/bench004/M3/wan5b/mq_6dd5a99d7b64__wan5b__s44.mp4
mqp_5003650,B,W-M,3,tie,0.0,"['1', '1']",False,bench_results/bench004/M3/cogvideox/mq_6de0ec459419__cogvideox__s43.mp4,bench_results/bench004/N2/videos/mq_6de0ec459419__pangu__s43.mp4
mqp_5003668,B,seed,3,tie,0.0,"['1', '1']",False,bench_results/bench004/M3/ltx/mq_6f831fab0d0c__ltx__s42.mp4,bench_results/bench004/M3/ltx/mq_6f831fab0d0c__ltx__s43.mp4
mqp_5003678,same,seed,3,tie,0.0,"['1', '1']",False,bench_results/bench004/M3/cogvideox/mq_7308cc242ce2__cogvideox__s43.mp4,bench_results/bench004/M3/cogvideox/mq_7308cc242ce2__cogvideox__s44.mp4
mqp_5003692,B,S-S,3,a,1.0,"['1', '2']",True,bench_results/bench004/M2/cosmos_super/mq_74e05d038840__cosmos_super__s44.mp4,bench_results/bench004/M3/ltx/mq_74e05d038840__ltx__s44.mp4
mqp_5003693,B,M-S,3,a,1.0,"['1', '2']",True,bench_results/bench004/N2/videos/mq_74e05d038840__pangu__s43.mp4,bench_results/bench004/M2/cosmos_super/mq_74e05d038840__cosmos_super__s42.mp4
mqp_5003696,A,W-S,3,b,-1.0,"['2', '1']",True,bench_results/bench004/M1/hunyuan/mq_75c6d8f17280__hunyuan__s44.mp4,bench_results/bench004/M3/cogvideox/mq_75c6d8f17280__cogvideox__s44.mp4
mqp_5003699,B,W-M,3,a,1.0,"['1', '2']",True,bench_results/bench004/M3/wan5b/mq_77074e7fc090__wan5b__s43.mp4,bench_results/bench004/N2/videos/mq_77074e7fc090__pangu__s44.mp4
mqp_5003709,B,W-W,3,a,1.0,"['1', '2']",True,bench_results/bench004/M3/cogvideox/mq_7abd1088ec33__cogvideox__s43.mp4,bench_results/bench004/M3/wan5b/mq_7abd1088ec33__wan5b__s42.mp4
mqp_5003713,same,seed,3,b,-1.0,"['2', '1']",True,bench_results/bench004/M2/cosmos_super/mq_7b41269b6414__cosmos_super__s43.mp4,bench_results/bench004/M2/cosmos_super/mq_7b41269b6414__cosmos_super__s42.mp4
mqp_5003715,A,M-S,3,b,-1.0,"['2', '1']",True,bench_results/bench004/M3/ltx/mq_7cd63f708a11__ltx__s42.mp4,bench_results/bench004/N2/videos/mq_7cd63f708a11__pangu__s44.mp4
mqp_5003733,A,M-S,3,a,1.0,"['1', '2']",True,bench_results/bench004/M2/cosmos_super/mq_824feae7c5d4__cosmos_super__s43.mp4,bench_results/bench004/M2/cosmos_nano/mq_824feae7c5d4__cosmos_nano__s42.mp4
mqp_5003737,A,W-M,3,tie,0.0,"['1', '1']",False,bench_results/bench004/M3/cogvideox/mq_82e1a1b82045__cogvideox__s42.mp4,bench_results/bench004/M2/cosmos_nano/mq_82e1a1b82045__cosmos_nano__s43.mp4
mqp_5003740,B,W-S,3,b,-1.0,"['2', '1']",True,bench_results/bench004/M3/wan5b/mq_8371e30db254__wan5b__s43.mp4,bench_results/bench004/M2/cosmos_super/mq_8371e30db254__cosmos_super__s43.mp4
mqp_5003746,B,seed,3,b,-1.0,"['2', '1']",True,bench_results/bench004/M2/cosmos_nano/mq_8a086a9d0eb2__cosmos_nano__s43.mp4,bench_results/bench004/M2/cosmos_nano/mq_8a086a9d0eb2__cosmos_nano__s42.mp4
mqp_5003755,B,S-S,3,a,1.0,"['1', '2']",True,bench_results/bench004/M1/hunyuan/mq_8d5f13eaaa02__hunyuan__s44.mp4,bench_results/bench004/M3/ltx/mq_8d5f13eaaa02__ltx__s43.mp4
mqp_5003789,B,M-S,3,a,1.0,"['1', '2']",True,bench_results/bench004/N2/videos/mq_9c043cc67d02__pangu__s44.mp4,bench_results/bench004/M3/ltx/mq_9c043cc67d02__ltx__s42.mp4
mqp_5003791,same,seed,3,a,1.0,"['1', '2']",True,bench_results/bench004/M2/cosmos_super/mq_9dba95fb2b06__cosmos_super__s44.mp4,bench_results/bench004/M2/cosmos_super/mq_9dba95fb2b06__cosmos_super__s43.mp4
mqp_5003798,same,W-S,3,b,-1.0,"['2', '1']",True,bench_results/bench004/M3/wan5b/mq_a015d6cc94a1__wan5b__s42.mp4,bench_results/bench004/M4/mq_a015d6cc94a1__wan14b__s43.mp4
mqp_5003799,same,M-S,3,a,1.0,"['1', '2']",True,bench_results/bench004/M4/mq_a015d6cc94a1__wan14b__s42.mp4,bench_results/bench004/M2/cosmos_nano/mq_a015d6cc94a1__cosmos_nano__s43.mp4
mqp_5003828,A,W-S,3,a,1.0,"['1', '2']",True,bench_results/bench004/M4/mq_a2cc49dfe426__wan14b__s42.mp4,bench_results/bench004/M3/cogvideox/mq_a2cc49dfe426__cogvideox__s44.mp4
mqp_5003830,BB,W-S,3,b,-1.0,"['2', '1']",True,bench_results/bench004/M3/wan5b/mq_a55eeef91b1f__wan5b__s43.mp4,bench_results/bench004/M2/cosmos_super/mq_a55eeef91b1f__cosmos_super__s44.mp4
mqp_5003842,B,M-S,3,tie,0.0,"['1', '1']",False,bench_results/bench004/M2/cosmos_nano/mq_a978f1d05898__cosmos_nano__s44.mp4,bench_results/bench004/M4/mq_a978f1d05898__wan14b__s44.mp4
mqp_5003881,same,S-S,3,a,1.0,"['1', '2']",True,bench_results/bench004/M4/mq_c34df4165ed0__wan14b__s44.mp4,bench_results/bench004/M3/ltx/mq_c34df4165ed0__ltx__s43.mp4
mqp_5003889,BB,M-S,3,b,-1.0,"['2', '1']",True,bench_results/bench004/M2/cosmos_nano/mq_c5c38a2ed77e__cosmos_nano__s42.mp4,bench_results/bench004/M3/ltx/mq_c5c38a2ed77e__ltx__s44.mp4
mqp_5003899,B,W-M,3,a,1.0,"['1', '2']",True,bench_results/bench004/N2/videos/mq_c81e3c363a8c__pangu__s42.mp4,bench_results/bench004/M3/wan5b/mq_c81e3c363a8c__wan5b__s42.mp4
mqp_5003903,same,seed,3,tie,0.0,"['1', '1']",False,bench_results/bench004/M3/wan5b/mq_c84381741b7e__wan5b__s43.mp4,bench_results/bench004/M3/wan5b/mq_c84381741b7e__wan5b__s42.mp4
mqp_5003908,same,M-S,3,b,-1.0,"['2', '1']",True,bench_results/bench004/M2/cosmos_nano/mq_c8e4be366e83__cosmos_nano__s42.mp4,bench_results/bench004/M1/hunyuan/mq_c8e4be366e83__hunyuan__s44.mp4
mqp_5003916,same,S-S,3,tie,0.0,"['1', '1']",False,bench_results/bench004/M3/ltx/mq_cc882674217e__ltx__s43.mp4,bench_results/bench004/M1/hunyuan/mq_cc882674217e__hunyuan__s42.mp4
mqp_5003918,same,seed,3,b,-1.0,"['2', '1']",True,bench_results/bench004/M4/mq_ce650ed642ed__wan14b__s44.mp4,bench_results/bench004/M4/mq_ce650ed642ed__wan14b__s43.mp4
mqp_5003926,AA,W-S,3,a,1.0,"['1', '2']",True,bench_results/bench004/M4/mq_d1349165fbdf__wan14b__s44.mp4,bench_results/bench004/M3/wan5b/mq_d1349165fbdf__wan5b__s43.mp4
mqp_5003933,same,W-S,3,b,-1.0,"['2', '1']",True,bench_results/bench004/M3/wan5b/mq_d3031b828d77__wan5b__s42.mp4,bench_results/bench004/M3/ltx/mq_d3031b828d77__ltx__s43.mp4
mqp_5003945,same,seed,3,b,-1.0,"['2', '1']",True,bench_results/bench004/M3/wan5b/mq_d7a758557607__wan5b__s42.mp4,bench_results/bench004/M3/wan5b/mq_d7a758557607__wan5b__s44.mp4
mqp_5003946,same,seed,3,a,1.0,"['1', '2']",True,bench_results/bench004/N2/videos/mq_daadc987a37c__pangu__s43.mp4,bench_results/bench004/N2/videos/mq_daadc987a37c__pangu__s44.mp4
mqp_5003949,A,seed,3,b,-1.0,"['2', '1']",True,bench_results/bench004/M2/cosmos_super/mq_daadc987a37c__cosmos_super__s43.mp4,bench_results/bench004/M2/cosmos_super/mq_daadc987a37c__cosmos_super__s42.mp4
mqp_5003962,A,M-S,3,a,1.0,"['1', '2']",True,bench_results/bench004/M2/cosmos_nano/mq_de58d660f190__cosmos_nano__s43.mp4,bench_results/bench004/M3/ltx/mq_de58d660f190__ltx__s43.mp4
mqp_5003966,same,S-S,3,b,-1.0,"['2', '1']",True,bench_results/bench004/M2/cosmos_super/mq_e363b710ba99__cosmos_super__s44.mp4,bench_results/bench004/M4/mq_e363b710ba99__wan14b__s44.mp4
mqp_5003971,same,W-S,3,tie,0.0,"['1', '1']",False,bench_results/bench004/M3/ltx/mq_e3dd2c8f7036__ltx__s42.mp4,bench_results/bench004/M3/wan5b/mq_e3dd2c8f7036__wan5b__s43.mp4
mqp_5003993,B,S-S,3,a,1.0,"['1', '2']",True,bench_results/bench004/M4/mq_f0409cabbda0__wan14b__s43.mp4,bench_results/bench004/M2/cosmos_super/mq_f0409cabbda0__cosmos_super__s42.mp4
mqp_5003994,AA,W-S,3,a,1.0,"['1', '2']",True,bench_results/bench004/M4/mq_f0ff33430234__wan14b__s44.mp4,bench_results/bench004/M3/cogvideox/mq_f0ff33430234__cogvideox__s43.mp4
mqp_5004001,BB,W-M,3,b,-1.0,"['2', '1']",True,bench_results/bench004/M3/cogvideox/mq_f3d3f914b3bd__cogvideox__s44.mp4,bench_results/bench004/N2/videos/mq_f3d3f914b3bd__pangu__s44.mp4
mqp_5004002,B,S-S,3,a,1.0,"['1', '2']",True,bench_results/bench004/M1/hunyuan/mq_f4f82f4f5a29__hunyuan__s43.mp4,bench_results/bench004/M2/cosmos_super/mq_f4f82f4f5a29__cosmos_super__s44.mp4
mqp_5004006,A,M-S,3,a,1.0,"['1', '2']",True,bench_results/bench004/M3/ltx/mq_f6a4e495203d__ltx__s44.mp4,bench_results/bench004/N2/videos/mq_f6a4e495203d__pangu__s44.mp4
mqp_5004019,B,seed,3,b,-1.0,"['2', '1']",True,bench_results/bench004/M3/ltx/mq_f8483eb8fc67__ltx__s44.mp4,bench_results/bench004/M3/ltx/mq_f8483eb8fc67__ltx__s43.mp4
mqp_5004027,same,M-S,3,a,1.0,"['1', '2']",True,bench_results/bench004/M2/cosmos_nano/mq_fa9d9e02965f__cosmos_nano__s43.mp4,bench_results/bench004/M4/mq_fa9d9e02965f__wan14b__s43.mp4
mqp_5004033,AA,M-S,3,b,-1.0,"['2', '1']",True,bench_results/bench004/M4/mq_fd20a35c6952__wan14b__s42.mp4,bench_results/bench004/N2/videos/mq_fd20a35c6952__pangu__s43.mp4
mqp_5004036,same,seed,3,tie,0.0,"['1', '1']",False,bench_results/bench004/M3/wan5b/mq_fd51fa4fe814__wan5b__s44.mp4,bench_results/bench004/M3/wan5b/mq_fd51fa4fe814__wan5b__s42.mp4
mqp_5000022,A,S-S,5,a,1.0,"['1', '2']",True,bench_results/bench001/M1/hunyuan/mq_00268cc9d4ca__hunyuan__s43.mp4,bench_results/bench001/M2/cosmos_super/mq_00268cc9d4ca__cosmos_super__s44.mp4
mqp_5000034,BB,W-S,3,b,-1.0,"['2', '1']",True,bench_results/bench001/M3/cogvideox/mq_002db00080d6__cogvideox__s44.mp4,bench_results/bench001/M1/wan14b/mq_002db00080d6__wan14b__s43.mp4
mqp_5000038,same,W-S,5,b,-1.0,"['2', '1']",True,bench_results/bench001/M1/hunyuan/mq_0037c5fa69b6__hunyuan__s43.mp4,bench_results/bench001/M3/wan5b/mq_0037c5fa69b6__wan5b__s43.mp4
mqp_5000040,A,W-S,5,tie,0.0,"['1', '1']",False,bench_results/bench001/M1/wan14b/mq_004f9c75bf2c__wan14b__s43.mp4,bench_results/bench001/M3/wan5b/mq_004f9c75bf2c__wan5b__s43.mp4
mqp_5000047,A,M-S,5,tie,0.0,"['1', '1']",False,bench_results/bench001/M2/cosmos_nano/mq_00685deba756__cosmos_nano__s42.mp4,bench_results/bench001/M2/cosmos_super/mq_00685deba756__cosmos_super__s44.mp4
mqp_5000049,A,W-W,5,tie,0.0,"['1', '1']",False,bench_results/bench001/M3/wan5b/mq_006d5683a799__wan5b__s42.mp4,bench_results/bench001/M3/cogvideox/mq_006d5683a799__cogvideox__s44.mp4
mqp_5000051,B,M-S,5,a,1.0,"['1', '2']",True,bench_results/bench001/N1/videos/mq_006d5683a799__pangu__s43.mp4,bench_results/bench001/M3/ltx/mq_006d5683a799__ltx__s43.mp4
mqp_5000053,same,seed,5,b,-1.0,"['2', '1']",True,bench_results/bench001/M3/wan5b/mq_0071b478d70e__wan5b__s42.mp4,bench_results/bench001/M3/wan5b/mq_0071b478d70e__wan5b__s44.mp4
mqp_5000064,AA,W-M,5,a,1.0,"['1', '2']",True,bench_results/bench001/N1/videos/mq_008347a3e636__pangu__s44.mp4,bench_results/bench001/M3/wan5b/mq_008347a3e636__wan5b__s44.mp4
mqp_5000070,A,seed,5,b,-1.0,"['2', '1']",True,bench_results/bench001/M3/cogvideox/mq_00847784824a__cogvideox__s44.mp4,bench_results/bench001/M3/cogvideox/mq_00847784824a__cogvideox__s43.mp4
mqp_5000082,same,seed,5,a,1.0,"['1', '2']",True,bench_results/bench001/M1/wan14b/mq_0093b6f4a379__wan14b__s43.mp4,bench_results/bench001/M1/wan14b/mq_0093b6f4a379__wan14b__s44.mp4
mqp_5000087,same,seed,5,a,1.0,"['1', '2']",True,bench_results/bench001/N1/videos/mq_009724f3a2a3__pangu__s42.mp4,bench_results/bench001/N1/videos/mq_009724f3a2a3__pangu__s44.mp4
mqp_5000096,same,M-S,5,a,1.0,"['1', '2']",True,bench_results/bench001/M2/cosmos_nano/mq_00a0922ceb3f__cosmos_nano__s42.mp4,bench_results/bench001/M1/hunyuan/mq_00a0922ceb3f__hunyuan__s42.mp4
mqp_5000101,same,W-M,5,tie,0.0,"['1', '1']",False,bench_results/bench001/M3/wan5b/mq_00a6b4dc07a3__wan5b__s44.mp4,bench_results/bench001/M2/cosmos_nano/mq_00a6b4dc07a3__cosmos_nano__s43.mp4
mqp_5000102,same,S-S,5,b,-1.0,"['2', '1']",True,bench_results/bench001/M3/ltx/mq_00a6b4dc07a3__ltx__s44.mp4,bench_results/bench001/M1/hunyuan/mq_00a6b4dc07a3__hunyuan__s44.mp4
mqp_5000107,AA,M-S,5,tie,0.0,"['1', '1']",False,bench_results/bench001/M2/cosmos_super/mq_00b40fedeb76__cosmos_super__s42.mp4,bench_results/bench001/N1/videos/mq_00b40fedeb76__pangu__s42.mp4
mqp_5000108,BB,S-S,5,b,-1.0,"['2', '1']",True,bench_results/bench001/M3/ltx/mq_00bb19af58e9__ltx__s42.mp4,bench_results/bench001/M2/cosmos_super/mq_00bb19af58e9__cosmos_super__s42.mp4
mqp_5000113,same,M-S,5,tie,0.0,"['1', '1']",False,bench_results/bench001/M2/wan14b/mq_00c0615f977b__wan14b__s43.mp4,bench_results/bench001/M2/cosmos_nano/mq_00c0615f977b__cosmos_nano__s42.mp4
mqp_5000115,BB,W-S,5,b,-1.0,"['2', '1']",True,bench_results/bench001/M3/wan5b/mq_00c0615f977b__wan5b__s43.mp4,bench_results/bench001/M2/cosmos_super/mq_00c0615f977b__cosmos_super__s43.mp4
mqp_5000121,same,seed,5,tie,0.0,"['1', '1']",False,bench_results/bench001/N1/videos/mq_00cc65d90675__pangu__s43.mp4,bench_results/bench001/N1/videos/mq_00cc65d90675__pangu__s42.mp4
mqp_5000124,same,M-S,5,tie,0.0,"['1', '1']",False,bench_results/bench001/M2/cosmos_nano/mq_00e8cb5f06eb__cosmos_nano__s43.mp4,bench_results/bench001/M2/cosmos_super/mq_00e8cb5f06eb__cosmos_super__s43.mp4
mqp_5000125,same,seed,5,a,1.0,"['1', '2']",True,bench_results/bench001/M2/cosmos_nano/mq_00e8cb5f06eb__cosmos_nano__s43.mp4,bench_results/bench001/M2/cosmos_nano/mq_00e8cb5f06eb__cosmos_nano__s44.mp4
mqp_5000140,A,W-S,5,b,-1.0,"['2', '1']",True,bench_results/bench001/M3/ltx/mq_011bd9df4b5f__ltx__s42.mp4,bench_results/bench001/M3/wan5b/mq_011bd9df4b5f__wan5b__s44.mp4
mqp_5000155,A,W-S,5,a,1.0,"['1', '2']",True,bench_results/bench001/M3/ltx/mq_013083229026__ltx__s42.mp4,bench_results/bench001/M3/cogvideox/mq_013083229026__cogvideox__s42.mp4
mqp_5000159,same,M-S,5,tie,0.0,"['1', '1']",False,bench_results/bench001/M2/cosmos_nano/mq_013d5ec0cf81__cosmos_nano__s43.mp4,bench_results/bench001/M3/ltx/mq_013d5ec0cf81__ltx__s44.mp4
mqp_5000169,A,M-S,5,b,-1.0,"['2', '1']",True,bench_results/bench001/M1/hunyuan/mq_015ff2cc651a__hunyuan__s42.mp4,bench_results/bench001/N1/videos/mq_015ff2cc651a__pangu__s44.mp4
mqp_5000173,A,S-S,5,a,1.0,"['1', '2']",True,bench_results/bench001/M3/ltx/mq_016856af11d8__ltx__s42.mp4,bench_results/bench001/M4/mq_016856af11d8__wan14b__s42.mp4
mqp_5000212,same,W-W,5,b,-1.0,"['2', '1']",True,bench_results/bench001/M3/wan5b/mq_01e6b927f2e7__wan5b__s44.mp4,bench_results/bench001/M3/cogvideox/mq_01e6b927f2e7__cogvideox__s43.mp4
mqp_5000223,same,W-M,5,a,1.0,"['1', '2']",True,bench_results/bench001/M3/wan5b/mq_01ea1f9eaef0__wan5b__s42.mp4,bench_results/bench001/N1/videos/mq_01ea1f9eaef0__pangu__s43.mp4
mqp_5000230,same,M-S,5,a,1.0,"['1', '2']",True,bench_results/bench001/M2/cosmos_nano/mq_01ed8800c53e__cosmos_nano__s44.mp4,bench_results/bench001/M3/ltx/mq_01ed8800c53e__ltx__s42.mp4
mqp_5000234,same,seed,5,tie,0.0,"['1', '1']",False,bench_results/bench001/M2/cosmos_super/mq_01ef821e2e21__cosmos_super__s43.mp4,bench_results/bench001/M2/cosmos_super/mq_01ef821e2e21__cosmos_super__s44.mp4
mqp_5000241,A,M-S,5,tie,0.0,"['1', '1']",False,bench_results/bench001/M2/cosmos_super/mq_01f469e04e62__cosmos_super__s42.mp4,bench_results/bench001/M2/cosmos_nano/mq_01f469e04e62__cosmos_nano__s44.mp4
mqp_5000248,BB,S-S,5,b,-1.0,"['2', '1']",True,bench_results/bench001/M2/cosmos_super/mq_021e1f30cac5__cosmos_super__s44.mp4,bench_results/bench001/M3/ltx/mq_021e1f30cac5__ltx__s43.mp4
mqp_5000265,B,M-S,5,a,1.0,"['1', '2']",True,bench_results/bench001/N1/videos/mq_0239c3748fcb__pangu__s43.mp4,bench_results/bench001/M2/cosmos_super/mq_0239c3748fcb__cosmos_super__s42.mp4
mqp_5000269,B,W-S,5,a,1.0,"['1', '2']",True,bench_results/bench001/M3/wan5b/mq_023ad6d9ea9f__wan5b__s42.mp4,bench_results/bench001/M4/mq_023ad6d9ea9f__wan14b__s44.mp4
mqp_5000271,A,S-S,5,tie,0.0,"['1', '1']",False,bench_results/bench001/M3/ltx/mq_023ad6d9ea9f__ltx__s42.mp4,bench_results/bench001/M2/cosmos_super/mq_023ad6d9ea9f__cosmos_super__s44.mp4
mqp_5000279,same,seed,5,b,-1.0,"['2', '1']",True,bench_results/bench001/M2/cosmos_nano/mq_024a1fbec822__cosmos_nano__s44.mp4,bench_results/bench001/M2/cosmos_nano/mq_024a1fbec822__cosmos_nano__s42.mp4
mqp_5000283,same,seed,5,tie,0.0,"['1', '1']",False,bench_results/bench001/M4/mq_024a6ce8e1be__wan14b__s44.mp4,bench_results/bench001/M4/mq_024a6ce8e1be__wan14b__s42.mp4
mqp_5000290,BB,W-S,5,b,-1.0,"['2', '1']",True,bench_results/bench001/M3/cogvideox/mq_0263f528d6fa__cogvideox__s43.mp4,bench_results/bench001/M1/hunyuan/mq_0263f528d6fa__hunyuan__s42.mp4
mqp_5000295,same,S-S,5,a,1.0,"['1', '2']",True,bench_results/bench001/M1/hunyuan/mq_026b7d7e96fc__hunyuan__s44.mp4,bench_results/bench001/M2/cosmos_super/mq_026b7d7e96fc__cosmos_super__s43.mp4
mqp_5000310,A,seed,5,b,-1.0,"['2', '1']",True,bench_results/bench001/M2/cosmos_super/mq_028d78b3316e__cosmos_super__s42.mp4,bench_results/bench001/M2/cosmos_super/mq_028d78b3316e__cosmos_super__s43.mp4
mqp_5000328,same,S-S,5,tie,0.0,"['1', '1']",False,bench_results/bench001/M1/hunyuan/mq_02a603dfdfa8__hunyuan__s42.mp4,bench_results/bench001/M4/mq_02a603dfdfa8__wan14b__s44.mp4
mqp_5000330,same,seed,5,a,1.0,"['1', '2']",True,bench_results/bench001/M2/cosmos_nano/mq_02a603dfdfa8__cosmos_nano__s43.mp4,bench_results/bench001/M2/cosmos_nano/mq_02a603dfdfa8__cosmos_nano__s44.mp4
mqp_5000335,AA,W-M,5,a,1.0,"['1', '2']",True,bench_results/bench001/N1/videos/mq_02a63c41077f__pangu__s44.mp4,bench_results/bench001/M3/cogvideox/mq_02a63c41077f__cogvideox__s42.mp4
mqp_5000340,B,M-S,5,tie,0.0,"['1', '1']",False,bench_results/bench001/M2/cosmos_nano/mq_02d0024da6da__cosmos_nano__s42.mp4,bench_results/bench001/M3/ltx/mq_02d0024da6da__ltx__s44.mp4
mqp_5000342,same,M-S,5,tie,0.0,"['1', '1']",False,bench_results/bench001/N1/videos/mq_02d0024da6da__pangu__s42.mp4,bench_results/bench001/M4/mq_02d0024da6da__wan14b__s44.mp4
mqp_5000355,A,seed,5,a,1.0,"['1', '2']",True,bench_results/bench001/M3/wan5b/mq_02df968239e4__wan5b__s43.mp4,bench_results/bench001/M3/wan5b/mq_02df968239e4__wan5b__s42.mp4
mqp_5000357,B,S-S,5,tie,0.0,"['1', '1']",False,bench_results/bench001/M4/mq_02eece3ffb7a__wan14b__s43.mp4,bench_results/bench001/M3/ltx/mq_02eece3ffb7a__ltx__s43.mp4
mqp_5000359,BB,M-M,5,b,-1.0,"['2', '1']",True,bench_results/bench001/N1/videos/mq_02eece3ffb7a__pangu__s43.mp4,bench_results/bench001/M2/cosmos_nano/mq_02eece3ffb7a__cosmos_nano__s43.mp4
mqp_5000371,AA,W-S,4,b,-1.0,"['2', '1']",True,bench_results/bench001/M3/ltx/mq_0319c40f9341__ltx__s44.mp4,bench_results/bench001/M3/cogvideox/mq_0319c40f9341__cogvideox__s44.mp4
mqp_5000374,same,S-S,5,b,-1.0,"['2', '1']",True,bench_results/bench001/M2/cosmos_super/mq_031f95c609b8__cosmos_super__s44.mp4,bench_results/bench001/M4/mq_031f95c609b8__wan14b__s42.mp4
mqp_5000377,B,M-S,5,tie,0.0,"['1', '1']",False,bench_results/bench001/N1/videos/mq_0324ccafa5d0__pangu__s44.mp4,bench_results/bench001/M1/hunyuan/mq_0324ccafa5d0__hunyuan__s44.mp4
mqp_5000379,same,S-S,5,a,1.0,"['1', '2']",True,bench_results/bench001/M3/ltx/mq_0324ccafa5d0__ltx__s42.mp4,bench_results/bench001/M1/hunyuan/mq_0324ccafa5d0__hunyuan__s43.mp4
mqp_5000380,same,seed,5,tie,0.0,"['1', '1']",False,bench_results/bench001/M3/ltx/mq_03260b1e6bee__ltx__s43.mp4,bench_results/bench001/M3/ltx/mq_03260b1e6bee__ltx__s42.mp4
mqp_5000388,A,W-S,5,tie,0.0,"['1', '1']",False,bench_results/bench001/M2/cosmos_super/mq_033871f5aed0__cosmos_super__s42.mp4,bench_results/bench001/M3/cogvideox/mq_033871f5aed0__cogvideox__s44.mp4
mqp_5000391,same,seed,5,a,1.0,"['1', '2']",True,bench_results/bench001/M2/cosmos_super/mq_033871f5aed0__cosmos_super__s44.mp4,bench_results/bench001/M2/cosmos_super/mq_033871f5aed0__cosmos_super__s43.mp4
mqp_5000413,BB,S-S,5,b,-1.0,"['2', '1']",True,bench_results/bench001/M2/cosmos_super/mq_034dcf3b2b9d__cosmos_super__s44.mp4,bench_results/bench001/M3/ltx/mq_034dcf3b2b9d__ltx__s43.mp4
mqp_5000433,same,M-S,5,a,1.0,"['1', '2']",True,bench_results/bench001/M4/mq_037dc3099d34__wan14b__s44.mp4,bench_results/bench001/M2/cosmos_nano/mq_037dc3099d34__cosmos_nano__s44.mp4
mqp_5000442,same,seed,5,b,-1.0,"['2', '1']",True,bench_results/bench001/M3/cogvideox/mq_03827898034c__cogvideox__s43.mp4,bench_results/bench001/M3/cogvideox/mq_03827898034c__cogvideox__s42.mp4
mqp_5000447,same,M-S,5,a,1.0,"['1', '2']",True,bench_results/bench001/M1/hunyuan/mq_03a48b8ea74a__hunyuan__s44.mp4,bench_results/bench001/M2/cosmos_nano/mq_03a48b8ea74a__cosmos_nano__s44.mp4
mqp_5000465,same,W-S,5,tie,0.0,"['1', '1']",False,bench_results/bench001/M3/cogvideox/mq_03c35c24da45__cogvideox__s44.mp4,bench_results/bench001/M3/ltx/mq_03c35c24da45__ltx__s42.mp4
mqp_5000468,A,S-S,5,a,1.0,"['1', '2']",True,bench_results/bench001/M4/mq_03c4878a1361__wan14b__s42.mp4,bench_results/bench001/M2/cosmos_super/mq_03c4878a1361__cosmos_super__s43.mp4
mqp_5000474,same,M-M,5,tie,0.0,"['1', '1']",False,bench_results/bench001/M2/cosmos_nano/mq_03ca3a9bb4d2__cosmos_nano__s43.mp4,bench_results/bench001/N1/videos/mq_03ca3a9bb4d2__pangu__s42.mp4
mqp_5000478,same,M-S,5,a,1.0,"['1', '2']",True,bench_results/bench001/N1/videos/mq_03cab3453d0d__pangu__s43.mp4,bench_results/bench001/M2/cosmos_super/mq_03cab3453d0d__cosmos_super__s42.mp4
mqp_5000481,same,S-S,5,b,-1.0,"['2', '1']",True,bench_results/bench001/M1/hunyuan/mq_03d088ef82f6__hunyuan__s44.mp4,bench_results/bench001/M2/cosmos_super/mq_03d088ef82f6__cosmos_super__s44.mp4
mqp_5000492,A,M-S,5,a,1.0,"['1', '2']",True,bench_results/bench001/M3/ltx/mq_03ece7fe4edd__ltx__s43.mp4,bench_results/bench001/M2/cosmos_nano/mq_03ece7fe4edd__cosmos_nano__s42.mp4
mqp_5000498,B,W-M,5,tie,0.0,"['2', '2']",False,bench_results/bench001/M3/wan5b/mq_03fbfcd1c59f__wan5b__s42.mp4,bench_results/bench001/M2/cosmos_nano/mq_03fbfcd1c59f__cosmos_nano__s44.mp4
mqp_5000518,same,seed,5,a,1.0,"['1', '2']",True,bench_results/bench001/M4/mq_040fa0581f50__wan14b__s42.mp4,bench_results/bench001/M4/mq_040fa0581f50__wan14b__s44.mp4
mqp_5000539,AA,W-M,5,a,1.0,"['1', '2']",True,bench_results/bench001/N2/videos/mq_0437fd80a53e__pangu__s44.mp4,bench_results/bench001/M3/wan5b/mq_0437fd80a53e__wan5b__s43.mp4
mqp_5000541,same,W-M,5,a,1.0,"['1', '2']",True,bench_results/bench001/M2/cosmos_nano/mq_043965f72bc3__cosmos_nano__s42.mp4,bench_results/bench001/M3/wan5b/mq_043965f72bc3__wan5b__s42.mp4
mqp_5000542,AA,W-S,5,a,1.0,"['1', '2']",True,bench_results/bench001/M3/ltx/mq_043965f72bc3__ltx__s43.mp4,bench_results/bench001/M3/wan5b/mq_043965f72bc3__wan5b__s44.mp4
mqp_5000559,same,S-S,5,a,1.0,"['1', '2']",True,bench_results/bench001/M2/cosmos_super/mq_046313277481__cosmos_super__s43.mp4,bench_results/bench001/M4/mq_046313277481__wan14b__s42.mp4
mqp_5000562,same,seed,5,b,-1.0,"['2', '1']",True,bench_results/bench001/M4/mq_04667cc5e55c__wan14b__s43.mp4,bench_results/bench001/M4/mq_04667cc5e55c__wan14b__s42.mp4
mqp_5000583,B,M-S,5,a,1.0,"['1', '2']",True,bench_results/bench001/M2/cosmos_nano/mq_0480761413a2__cosmos_nano__s43.mp4,bench_results/bench001/M4/mq_0480761413a2__wan14b__s44.mp4
mqp_5000587,same,W-S,5,b,-1.0,"['2', '1']",True,bench_results/bench001/M4/mq_048dc630a02c__wan14b__s43.mp4,bench_results/bench001/M3/wan5b/mq_048dc630a02c__wan5b__s42.mp4
mqp_5000589,AA,W-W,5,a,1.0,"['1', '2']",True,bench_results/bench001/M3/wan5b/mq_04a4212b3398__wan5b__s43.mp4,bench_results/bench001/M3/cogvideox/mq_04a4212b3398__cogvideox__s42.mp4
mqp_5000592,B,seed,5,tie,0.0,"['1', '1']",False,bench_results/bench001/M2/cosmos_nano/mq_04a6d1c13664__cosmos_nano__s43.mp4,bench_results/bench001/M2/cosmos_nano/mq_04a6d1c13664__cosmos_nano__s42.mp4
mqp_5000594,same,M-S,5,a,1.0,"['1', '2']",True,bench_results/bench001/N2/videos/mq_04a6d1c13664__pangu__s43.mp4,bench_results/bench001/M1/hunyuan/mq_04a6d1c13664__hunyuan__s42.mp4
mqp_5000599,same,W-S,5,a,1.0,"['1', '2']",True,bench_results/bench001/M3/wan5b/mq_04a9321821c4__wan5b__s43.mp4,bench_results/bench001/M3/ltx/mq_04a9321821c4__ltx__s42.mp4
mqp_5000601,B,W-S,5,b,-1.0,"['2', '1']",True,bench_results/bench001/M3/cogvideox/mq_04a9cd611d51__cogvideox__s43.mp4,bench_results/bench001/M4/mq_04a9cd611d51__wan14b__s42.mp4
mqp_5000602,same,W-M,5,a,1.0,"['1', '2']",True,bench_results/bench001/M3/cogvideox/mq_04a9cd611d51__cogvideox__s44.mp4,bench_results/bench001/N2/videos/mq_04a9cd611d51__pangu__s42.mp4
mqp_5000606,same,seed,5,b,-1.0,"['2', '1']",True,bench_results/bench001/M2/cosmos_super/mq_04b14a214e8f__cosmos_super__s43.mp4,bench_results/bench001/M2/cosmos_super/mq_04b14a214e8f__cosmos_super__s42.mp4
mqp_5000625,B,S-S,5,a,1.0,"['1', '2']",True,bench_results/bench001/M3/ltx/mq_04cde33c80f5__ltx__s43.mp4,bench_results/bench001/M4/mq_04cde33c80f5__wan14b__s42.mp4
mqp_5000628,same,M-S,5,tie,0.0,"['1', '1']",False,bench_results/bench001/M2/cosmos_nano/mq_04d03f63a06b__cosmos_nano__s42.mp4,bench_results/bench001/M2/cosmos_super/mq_04d03f63a06b__cosmos_super__s44.mp4
mqp_5000635,same,M-S,5,tie,0.0,"['1', '1']",False,bench_results/bench001/M3/ltx/mq_04d691e639c4__ltx__s44.mp4,bench_results/bench001/N2/videos/mq_04d691e639c4__pangu__s43.mp4
mqp_5000637,B,seed,5,b,-1.0,"['2', '1']",True,bench_results/bench001/M2/cosmos_nano/mq_04da8f103d9a__cosmos_nano__s44.mp4,bench_results/bench001/M2/cosmos_nano/mq_04da8f103d9a__cosmos_nano__s42.mp4
mqp_5000653,same,seed,5,a,1.0,"['1', '2']",True,bench_results/bench001/M3/cogvideox/mq_04f2a074c85a__cogvideox__s43.mp4,bench_results/bench001/M3/cogvideox/mq_04f2a074c85a__cogvideox__s42.mp4
mqp_5000659,A,seed,5,tie,0.0,"['1', '1']",False,bench_results/bench001/M3/wan5b/mq_04f2ecedd35d__wan5b__s43.mp4,bench_results/bench001/M3/wan5b/mq_04f2ecedd35d__wan5b__s44.mp4
mqp_5000663,BB,W-W,5,tie,0.0,"['2', '2']",False,bench_results/bench001/M3/cogvideox/mq_04fe719dfa25__cogvideox__s42.mp4,bench_results/bench001/M3/wan5b/mq_04fe719dfa25__wan5b__s42.mp4
mqp_5000669,A,M-S,5,a,1.0,"['1', '2']",True,bench_results/bench001/M4/mq_050ca6e97626__wan14b__s43.mp4,bench_results/bench001/M2/cosmos_nano/mq_050ca6e97626__cosmos_nano__s43.mp4
mqp_5000674,same,seed,5,b,-1.0,"['2', '1']",True,bench_results/bench001/M1/hunyuan/mq_054808db16cd__hunyuan__s44.mp4,bench_results/bench001/M1/hunyuan/mq_054808db16cd__hunyuan__s43.mp4
mqp_5000681,B,seed,5,tie,0.0,"['2', '2']",False,bench_results/bench001/N2/videos/mq_0550971ee315__pangu__s42.mp4,bench_results/bench001/N2/videos/mq_0550971ee315__pangu__s43.mp4
mqp_5000686,BB,W-M,5,b,-1.0,"['2', '1']",True,bench_results/bench001/M3/cogvideox/mq_0557a31d4ddd__cogvideox__s42.mp4,bench_results/bench001/N2/videos/mq_0557a31d4ddd__pangu__s43.mp4
mqp_5000688,AA,W-S,5,a,1.0,"['1', '2']",True,bench_results/bench001/M2/cosmos_super/mq_055eac3d24f3__cosmos_super__s43.mp4,bench_results/bench001/M3/cogvideox/mq_055eac3d24f3__cogvideox__s42.mp4
mqp_5000703,AA,seed,5,tie,0.0,"['1', '1']",False,bench_results/bench001/M4/mq_05713c24d2dc__wan14b__s44.mp4,bench_results/bench001/M4/mq_05713c24d2dc__wan14b__s43.mp4
mqp_5000712,B,W-S,5,tie,0.0,"['1', '1']",False,bench_results/bench001/M3/wan5b/mq_05a7085bc190__wan5b__s42.mp4,bench_results/bench001/M3/ltx/mq_05a7085bc190__ltx__s43.mp4
mqp_5000714,same,seed,5,a,1.0,"['1', '2']",True,bench_results/bench001/M3/ltx/mq_05a7085bc190__ltx__s42.mp4,bench_results/bench001/M3/ltx/mq_05a7085bc190__ltx__s44.mp4
mqp_5000717,BB,W-S,5,b,-1.0,"['2', '1']",True,bench_results/bench001/M4/mq_05a7a7bdc4fe__wan14b__s42.mp4,bench_results/bench001/M3/wan5b/mq_05a7a7bdc4fe__wan5b__s42.mp4
mqp_5000727,same,seed,5,tie,0.0,"['1', '1']",False,bench_results/bench001/M3/wan5b/mq_05e0af8ed5f4__wan5b__s44.mp4,bench_results/bench001/M3/wan5b/mq_05e0af8ed5f4__wan5b__s43.mp4
mqp_5000741,same,M-M,5,a,1.0,"['1', '2']",True,bench_results/bench001/N2/videos/mq_05f2bc8309e3__pangu__s44.mp4,bench_results/bench001/M2/cosmos_nano/mq_05f2bc8309e3__cosmos_nano__s43.mp4
mqp_5000747,same,S-S,5,tie,0.0,"['1', '1']",False,bench_results/bench001/M3/ltx/mq_05f513593f97__ltx__s43.mp4,bench_results/bench001/M2/cosmos_super/mq_05f513593f97__cosmos_super__s42.mp4
mqp_5000754,A,W-S,5,tie,0.0,"['1', '1']",False,bench_results/bench001/M3/wan5b/mq_0600674bb86a__wan5b__s43.mp4,bench_results/bench001/M3/ltx/mq_0600674bb86a__ltx__s42.mp4
mqp_5000758,A,M-S,5,b,-1.0,"['2', '1']",True,bench_results/bench001/M4/mq_06031d424b70__wan14b__s42.mp4,bench_results/bench001/N2/videos/mq_06031d424b70__pangu__s43.mp4
mqp_5000760,AA,W-S,5,a,1.0,"['1', '2']",True,bench_results/bench001/M3/wan5b/mq_0606b5e01451__wan5b__s44.mp4,bench_results/bench001/M2/cosmos_super/mq_0606b5e01451__cosmos_super__s42.mp4
mqp_5000773,same,seed,5,tie,0.0,"['1', '1']",False,bench_results/bench001/M3/ltx/mq_061226ac00de__ltx__s42.mp4,bench_results/bench001/M3/ltx/mq_061226ac00de__ltx__s44.mp4
mqp_5000777,same,M-S,5,b,-1.0,"['2', '1']",True,bench_results/bench001/M3/ltx/mq_061dd9c91718__ltx__s44.mp4,bench_results/bench001/N2/videos/mq_061dd9c91718__pangu__s44.mp4
mqp_5000794,same,seed,5,b,-1.0,"['2', '1']",True,bench_results/bench001/M2/cosmos_nano/mq_063bb507eabf__cosmos_nano__s44.mp4,bench_results/bench001/M2/cosmos_nano/mq_063bb507eabf__cosmos_nano__s42.mp4
mqp_5000806,B,M-S,5,a,1.0,"['1', '2']",True,bench_results/bench001/M2/cosmos_nano/mq_066db6410b11__cosmos_nano__s43.mp4,bench_results/bench001/M1/hunyuan/mq_066db6410b11__hunyuan__s43.mp4
mqp_5000808,same,S-S,5,tie,0.0,"['2', '2']",False,bench_results/bench001/M2/cosmos_super/mq_067a5e947be9__cosmos_super__s42.mp4,bench_results/bench001/M4/mq_067a5e947be9__wan14b__s44.mp4
mqp_5000836,same,seed,5,b,-1.0,"['2', '1']",True,bench_results/bench001/M3/ltx/mq_06f565026a10__ltx__s42.mp4,bench_results/bench001/M3/ltx/mq_06f565026a10__ltx__s44.mp4
mqp_5000842,same,seed,5,tie,0.0,"['1', '1']",False,bench_results/bench001/N2/videos/mq_0706ddd56351__pangu__s44.mp4,bench_results/bench001/N2/videos/mq_0706ddd56351__pangu__s43.mp4
mqp_5000845,same,seed,5,b,-1.0,"['2', '1']",True,bench_results/bench001/M3/cogvideox/mq_0707ed650c1c__cogvideox__s43.mp4,bench_results/bench001/M3/cogvideox/mq_0707ed650c1c__cogvideox__s44.mp4
mqp_5000846,A,seed,5,b,-1.0,"['2', '1']",True,bench_results/bench001/M2/cosmos_super/mq_0707ed650c1c__cosmos_super__s42.mp4,bench_results/bench001/M2/cosmos_super/mq_0707ed650c1c__cosmos_super__s43.mp4
mqp_5000854,BB,W-W,5,tie,0.0,"['2', '2']",False,bench_results/bench001/M3/cogvideox/mq_071679d6001b__cogvideox__s42.mp4,bench_results/bench001/M3/wan5b/mq_071679d6001b__wan5b__s42.mp4
mqp_5000872,A,W-S,5,b,-1.0,"['2', '1']",True,bench_results/bench001/M4/mq_07368f084c23__wan14b__s42.mp4,bench_results/bench001/M3/wan5b/mq_07368f084c23__wan5b__s43.mp4
mqp_5000880,B,M-S,5,a,1.0,"['1', '2']",True,bench_results/bench001/M2/cosmos_nano/mq_0749129c3627__cosmos_nano__s42.mp4,bench_results/bench001/M2/cosmos_super/mq_0749129c3627__cosmos_super__s43.mp4
mqp_5000886,AA,seed,5,a,1.0,"['1', '2']",True,bench_results/bench001/M2/cosmos_nano/mq_074941f87543__cosmos_nano__s42.mp4,bench_results/bench001/M2/cosmos_nano/mq_074941f87543__cosmos_nano__s43.mp4
mqp_5000895,same,seed,5,tie,0.0,"['1', '1']",False,bench_results/bench001/N2/videos/mq_0765202543bc__pangu__s44.mp4,bench_results/bench001/N2/videos/mq_0765202543bc__pangu__s43.mp4
mqp_5000899,BB,seed,5,tie,0.0,"['1', '1']",False,bench_results/bench001/M2/cosmos_super/mq_07736eeded9a__cosmos_super__s42.mp4,bench_results/bench001/M2/cosmos_super/mq_07736eeded9a__cosmos_super__s43.mp4
mqp_5000902,same,seed,5,b,-1.0,"['2', '1']",True,bench_results/bench001/M3/cogvideox/mq_0782b20d7b59__cogvideox__s44.mp4,bench_results/bench001/M3/cogvideox/mq_0782b20d7b59__cogvideox__s42.mp4
mqp_5000909,same,seed,5,b,-1.0,"['2', '1']",True,bench_results/bench001/M2/cosmos_nano/mq_0794c90b9e9b__cosmos_nano__s42.mp4,bench_results/bench001/M2/cosmos_nano/mq_0794c90b9e9b__cosmos_nano__s43.mp4
mqp_5000940,same,seed,5,a,1.0,"['1', '2']",True,bench_results/bench001/M3/ltx/mq_07e9fef712ce__ltx__s42.mp4,bench_results/bench001/M3/ltx/mq_07e9fef712ce__ltx__s43.mp4
mqp_5000947,A,M-S,5,b,-1.0,"['2', '1']",True,bench_results/bench001/M2/cosmos_super/mq_07ed9773e38c__cosmos_super__s42.mp4,bench_results/bench001/M2/cosmos_nano/mq_07ed9773e38c__cosmos_nano__s42.mp4
mqp_5000949,BB,W-M,5,a,1.0,"['1', '2']",True,bench_results/bench001/M3/cogvideox/mq_07f2d3bf6028__cogvideox__s43.mp4,bench_results/bench001/N2/videos/mq_07f2d3bf6028__pangu__s44.mp4
mqp_5000975,same,seed,5,tie,0.0,"['1', '1']",False,bench_results/bench001/M3/cogvideox/mq_084749a5bdbb__cogvideox__s44.mp4,bench_results/bench001/M3/cogvideox/mq_084749a5bdbb__cogvideox__s42.mp4
mqp_5000976,B,seed,5,a,1.0,"['1', '2']",True,bench_results/bench001/N2/videos/mq_085ade7cfefc__pangu__s43.mp4,bench_results/bench001/N2/videos/mq_085ade7cfefc__pangu__s42.mp4
mqp_5000982,same,S-S,5,b,-1.0,"['2', '1']",True,bench_results/bench001/M3/ltx/mq_085b20f70fb8__ltx__s44.mp4,bench_results/bench001/M2/cosmos_super/mq_085b20f70fb8__cosmos_super__s43.mp4
mqp_5000987,B,M-S,5,tie,0.0,"['2', '2']",False,bench_results/bench001/N2/videos/mq_0866b4076135__pangu__s44.mp4,bench_results/bench001/M4/mq_0866b4076135__wan14b__s44.mp4
mqp_5000989,same,W-M,5,tie,0.0,"['1', '1']",False,bench_results/bench001/M3/wan5b/mq_086966d0a2e2__wan5b__s43.mp4,bench_results/bench001/N2/videos/mq_086966d0a2e2__pangu__s43.mp4
mqp_5000990,BB,W-S,5,a,1.0,"['1', '2']",True,bench_results/bench001/M3/cogvideox/mq_086966d0a2e2__cogvideox__s43.mp4,bench_results/bench001/M4/mq_086966d0a2e2__wan14b__s43.mp4
mqp_5000994,B,W-M,5,a,1.0,"['1', '2']",True,bench_results/bench001/M3/cogvideox/mq_086e91cb8386__cogvideox__s43.mp4,bench_results/bench001/M2/cosmos_nano/mq_086e91cb8386__cosmos_nano__s42.mp4
mqp_5001026,same,seed,5,b,-1.0,"['2', '1']",True,bench_results/bench002/M3/ltx/mq_088b932e2323__ltx__s43.mp4,bench_results/bench002/M3/ltx/mq_088b932e2323__ltx__s42.mp4
mqp_5001034,same,seed,5,b,-1.0,"['2', '1']",True,bench_results/bench002/M2/cosmos_nano/mq_0896e1f45bfd__cosmos_nano__s42.mp4,bench_results/bench002/M2/cosmos_nano/mq_0896e1f45bfd__cosmos_nano__s44.mp4
mqp_5001039,B,M-S,5,tie,0.0,"['1', '1']",False,bench_results/bench002/N1/videos/mq_08a3652c87fb__pangu__s44.mp4,bench_results/bench002/M1/hunyuan/mq_08a3652c87fb__hunyuan__s42.mp4
mqp_5001041,same,S-S,5,tie,0.0,"['1', '1']",False,bench_results/bench002/M1/hunyuan/mq_08a6a44fd5d1__hunyuan__s44.mp4,bench_results/bench002/M3/ltx/mq_08a6a44fd5d1__ltx__s42.mp4
mqp_5001046,B,W-S,5,b,-1.0,"['2', '1']",True,bench_results/bench002/M3/wan5b/mq_08ab0209e51f__wan5b__s44.mp4,bench_results/bench002/M1/wan14b/mq_08ab0209e51f__wan14b__s43.mp4
mqp_5001052,AA,M-S,5,a,1.0,"['1', '2']",True,bench_results/bench002/N1/videos/mq_08d16a6a4ba6__pangu__s42.mp4,bench_results/bench002/M1/wan14b/mq_08d16a6a4ba6__wan14b__s42.mp4
mqp_5001072,same,S-S,5,b,-1.0,"['2', '1']",True,bench_results/bench002/M3/ltx/mq_0916e4b47008__ltx__s44.mp4,bench_results/bench002/M1/wan14b/mq_0916e4b47008__wan14b__s43.mp4
mqp_5001079,A,seed,5,tie,0.0,"['1', '1']",False,bench_results/bench002/M1/wan14b/mq_091cbc5cb211__wan14b__s44.mp4,bench_results/bench002/M1/wan14b/mq_091cbc5cb211__wan14b__s42.mp4
mqp_5001086,B,M-S,5,tie,0.0,"['1', '1']",False,bench_results/bench002/N1/videos/mq_09257651c315__pangu__s42.mp4,bench_results/bench002/M3/ltx/mq_09257651c315__ltx__s43.mp4
mqp_5001102,same,M-S,5,b,-1.0,"['2', '1']",True,bench_results/bench002/M1/wan14b/mq_0960eea90a54__wan14b__s42.mp4,bench_results/bench002/M2/cosmos_nano/mq_0960eea90a54__cosmos_nano__s44.mp4
mqp_5001106,A,W-S,5,a,1.0,"['1', '2']",True,bench_results/bench002/M1/hunyuan/mq_0969c91af810__hunyuan__s44.mp4,bench_results/bench002/M3/cogvideox/mq_0969c91af810__cogvideox__s42.mp4
mqp_5001111,same,seed,5,b,-1.0,"['2', '1']",True,bench_results/bench002/M3/cogvideox/mq_0978bd04199d__cogvideox__s42.mp4,bench_results/bench002/M3/cogvideox/mq_0978bd04199d__cogvideox__s43.mp4
mqp_5001118,B,M-S,5,tie,0.0,"['2', '2']",False,bench_results/bench002/M3/ltx/mq_09834684652d__ltx__s44.mp4,bench_results/bench002/N1/videos/mq_09834684652d__pangu__s44.mp4
mqp_5001123,A,M-S,5,tie,0.0,"['1', '1']",False,bench_results/bench002/M2/cosmos_nano/mq_0988cca55e8f__cosmos_nano__s43.mp4,bench_results/bench002/M2/cosmos_super/mq_0988cca55e8f__cosmos_super__s43.mp4
mqp_5001127,same,seed,5,b,-1.0,"['2', '1']",True,bench_results/bench002/N1/videos/mq_099a1c244a8e__pangu__s44.mp4,bench_results/bench002/N1/videos/mq_099a1c244a8e__pangu__s42.mp4
mqp_5001132,same,W-M,5,a,1.0,"['1', '2']",True,bench_results/bench002/N1/videos/mq_09a1db1de226__pangu__s43.mp4,bench_results/bench002/M3/wan5b/mq_09a1db1de226__wan5b__s44.mp4
mqp_5001146,same,M-S,5,tie,0.0,"['1', '1']",False,bench_results/bench002/M2/cosmos_nano/mq_09cbebbc2b0f__cosmos_nano__s43.mp4,bench_results/bench002/M2/cosmos_super/mq_09cbebbc2b0f__cosmos_super__s42.mp4
mqp_5001151,same,seed,5,b,-1.0,"['2', '1']",True,bench_results/bench002/M2/cosmos_nano/mq_09d29f26d6d5__cosmos_nano__s42.mp4,bench_results/bench002/M2/cosmos_nano/mq_09d29f26d6d5__cosmos_nano__s43.mp4
mqp_5001154,same,S-S,5,a,1.0,"['1', '2']",True,bench_results/bench002/M3/ltx/mq_09dc966ecda7__ltx__s43.mp4,bench_results/bench002/M2/cosmos_super/mq_09dc966ecda7__cosmos_super__s44.mp4
mqp_5001174,A,S-S,5,a,1.0,"['1', '2']",True,bench_results/bench002/M3/wan14b/mq_09ebb95c65f2__wan14b__s43.mp4,bench_results/bench002/M3/ltx/mq_09ebb95c65f2__ltx__s42.mp4
mqp_5001182,B,S-S,5,tie,0.0,"['1', '1']",False,bench_results/bench002/M2/cosmos_super/mq_09f45c1b6363__cosmos_super__s44.mp4,bench_results/bench002/M1/hunyuan/mq_09f45c1b6363__hunyuan__s42.mp4
mqp_5001185,BB,W-S,5,b,-1.0,"['2', '1']",True,bench_results/bench002/M3/cogvideox/mq_0a10e4cf2964__cogvideox__s44.mp4,bench_results/bench002/M3/wan14b/mq_0a10e4cf2964__wan14b__s42.mp4
mqp_5001188,same,seed,5,a,1.0,"['1', '2']",True,bench_results/bench002/M3/cogvideox/mq_0a1af301f660__cogvideox__s43.mp4,bench_results/bench002/M3/cogvideox/mq_0a1af301f660__cogvideox__s42.mp4
mqp_5001192,same,M-S,5,a,1.0,"['1', '2']",True,bench_results/bench002/M3/wan14b/mq_0a222de576a7__wan14b__s44.mp4,bench_results/bench002/M2/cosmos_nano/mq_0a222de576a7__cosmos_nano__s42.mp4
mqp_5001195,B,seed,5,a,1.0,"['1', '2']",True,bench_results/bench002/M2/cosmos_nano/mq_0a222de576a7__cosmos_nano__s43.mp4,bench_results/bench002/M2/cosmos_nano/mq_0a222de576a7__cosmos_nano__s42.mp4
mqp_5001202,same,seed,5,b,-1.0,"['2', '1']",True,bench_results/bench002/N1/videos/mq_0a2e7ae0c36b__pangu__s44.mp4,bench_results/bench002/N1/videos/mq_0a2e7ae0c36b__pangu__s43.mp4
mqp_5001206,B,W-M,5,b,-1.0,"['2', '1']",True,bench_results/bench002/M3/wan5b/mq_0a377c9f8c05__wan5b__s43.mp4,bench_results/bench002/M2/cosmos_nano/mq_0a377c9f8c05__cosmos_nano__s43.mp4
mqp_5001208,A,M-S,5,b,-1.0,"['2', '1']",True,bench_results/bench002/M3/ltx/mq_0a40d5490518__ltx__s42.mp4,bench_results/bench002/M2/cosmos_nano/mq_0a40d5490518__cosmos_nano__s44.mp4
mqp_5001215,B,S-S,5,tie,0.0,"['1', '1']",False,bench_results/bench002/M4/mq_0a48a564dc7b__wan14b__s43.mp4,bench_results/bench002/M2/cosmos_super/mq_0a48a564dc7b__cosmos_super__s43.mp4
mqp_5001216,B,seed,5,b,-1.0,"['2', '1']",True,bench_results/bench002/M2/cosmos_super/mq_0a54dd4e5f73__cosmos_super__s42.mp4,bench_results/bench002/M2/cosmos_super/mq_0a54dd4e5f73__cosmos_super__s44.mp4
mqp_5001227,same,S-S,5,tie,0.0,"['1', '1']",False,bench_results/bench002/M3/ltx/mq_0a61ee2e5967__ltx__s44.mp4,bench_results/bench002/M4/mq_0a61ee2e5967__wan14b__s44.mp4
mqp_5001230,BB,seed,5,a,1.0,"['1', '2']",True,bench_results/bench002/M3/ltx/mq_0a7130a33d2f__ltx__s42.mp4,bench_results/bench002/M3/ltx/mq_0a7130a33d2f__ltx__s44.mp4
mqp_5001234,B,M-S,5,b,-1.0,"['2', '1']",True,bench_results/bench002/M2/cosmos_super/mq_0a945d7d53e9__cosmos_super__s44.mp4,bench_results/bench002/N1/videos/mq_0a945d7d53e9__pangu__s44.mp4
mqp_5001236,same,M-S,5,tie,0.0,"['1', '1']",False,bench_results/bench002/M1/hunyuan/mq_0a9a6f63d2f5__hunyuan__s43.mp4,bench_results/bench002/M2/cosmos_nano/mq_0a9a6f63d2f5__cosmos_nano__s43.mp4
mqp_5001239,A,M-S,5,a,1.0,"['1', '2']",True,bench_results/bench002/M3/ltx/mq_0a9a6f63d2f5__ltx__s43.mp4,bench_results/bench002/N1/videos/mq_0a9a6f63d2f5__pangu__s42.mp4
mqp_5001243,same,seed,5,b,-1.0,"['2', '1']",True,bench_results/bench002/M3/wan5b/mq_0a9ca7ec6a50__wan5b__s42.mp4,bench_results/bench002/M3/wan5b/mq_0a9ca7ec6a50__wan5b__s43.mp4
mqp_5001248,same,W-S,5,b,-1.0,"['2', '1']",True,bench_results/bench002/M3/ltx/mq_0aa90bef2f6f__ltx__s43.mp4,bench_results/bench002/M3/cogvideox/mq_0aa90bef2f6f__cogvideox__s42.mp4
mqp_5001258,AA,W-S,5,b,-1.0,"['2', '1']",True,bench_results/bench002/M1/hunyuan/mq_0aab65f97897__hunyuan__s42.mp4,bench_results/bench002/M3/cogvideox/mq_0aab65f97897__cogvideox__s44.mp4
mqp_5001268,B,M-S,5,tie,0.0,"['1', '1']",False,bench_results/bench002/M2/cosmos_nano/mq_0ab7c9d58618__cosmos_nano__s43.mp4,bench_results/bench002/M3/ltx/mq_0ab7c9d58618__ltx__s44.mp4
mqp_5001276,same,seed,5,b,-1.0,"['2', '1']",True,bench_results/bench002/M4/mq_0ac2edf553b7__wan14b__s42.mp4,bench_results/bench002/M4/mq_0ac2edf553b7__wan14b__s43.mp4
mqp_5001290,A,S-S,5,b,-1.0,"['2', '1']",True,bench_results/bench002/M4/mq_0adbfdacdb56__wan14b__s42.mp4,bench_results/bench002/M3/ltx/mq_0adbfdacdb56__ltx__s42.mp4
mqp_5001301,BB,M-S,5,tie,0.0,"['1', '1']",False,bench_results/bench002/M1/hunyuan/mq_0b01da8e67e0__hunyuan__s44.mp4,bench_results/bench002/M2/cosmos_nano/mq_0b01da8e67e0__cosmos_nano__s42.mp4
mqp_5001305,B,W-S,5,b,-1.0,"['2', '1']",True,bench_results/bench002/M4/mq_0b2c4ddb3163__wan14b__s42.mp4,bench_results/bench002/M3/wan5b/mq_0b2c4ddb3163__wan5b__s44.mp4
mqp_5001310,same,seed,5,b,-1.0,"['2', '1']",True,bench_results/bench002/M3/ltx/mq_0b2e9278d597__ltx__s42.mp4,bench_results/bench002/M3/ltx/mq_0b2e9278d597__ltx__s44.mp4
mqp_5001313,same,S-S,5,a,1.0,"['1', '2']",True,bench_results/bench002/M3/ltx/mq_0b4447c32d23__ltx__s43.mp4,bench_results/bench002/M4/mq_0b4447c32d23__wan14b__s44.mp4
mqp_5001320,same,seed,5,a,1.0,"['1', '2']",True,bench_results/bench002/M2/cosmos_super/mq_0b5fa4e48a05__cosmos_super__s43.mp4,bench_results/bench002/M2/cosmos_super/mq_0b5fa4e48a05__cosmos_super__s42.mp4
mqp_5001331,B,W-M,5,tie,0.0,"['2', '2']",False,bench_results/bench002/M3/wan5b/mq_0b83a2709dcd__wan5b__s43.mp4,bench_results/bench002/M2/cosmos_nano/mq_0b83a2709dcd__cosmos_nano__s42.mp4
mqp_5001340,B,S-S,5,a,1.0,"['1', '2']",True,bench_results/bench002/M2/cosmos_super/mq_0ba598c2886a__cosmos_super__s44.mp4,bench_results/bench002/M4/mq_0ba598c2886a__wan14b__s43.mp4
mqp_5001345,same,W-S,5,a,1.0,"['1', '2']",True,bench_results/bench002/M3/ltx/mq_0bb153963077__ltx__s44.mp4,bench_results/bench002/M3/wan5b/mq_0bb153963077__wan5b__s42.mp4
mqp_5001363,B,S-S,5,a,1.0,"['1', '2']",True,bench_results/bench002/M2/cosmos_super/mq_0be9c2586b97__cosmos_super__s44.mp4,bench_results/bench002/M3/ltx/mq_0be9c2586b97__ltx__s43.mp4
mqp_5001368,same,W-S,4,b,-1.0,"['2', '1']",True,bench_results/bench002/M4/mq_0bf93ff77d10__wan14b__s42.mp4,bench_results/bench002/M3/cogvideox/mq_0bf93ff77d10__cogvideox__s43.mp4
mqp_5001373,A,seed,5,tie,0.0,"['1', '1']",False,bench_results/bench002/M3/ltx/mq_0c0444e078d4__ltx__s43.mp4,bench_results/bench002/M3/ltx/mq_0c0444e078d4__ltx__s42.mp4
mqp_5001403,same,seed,5,a,1.0,"['1', '2']",True,bench_results/bench002/N1/videos/mq_0c5a782cc0d2__pangu__s44.mp4,bench_results/bench002/N1/videos/mq_0c5a782cc0d2__pangu__s43.mp4
mqp_5001409,A,W-M,5,b,-1.0,"['2', '1']",True,bench_results/bench002/M3/wan5b/mq_0c633083b37e__wan5b__s42.mp4,bench_results/bench002/N1/videos/mq_0c633083b37e__pangu__s43.mp4
mqp_5001420,A,S-S,5,a,1.0,"['1', '2']",True,bench_results/bench002/M3/ltx/mq_0c7baccc1a2a__ltx__s42.mp4,bench_results/bench002/M4/mq_0c7baccc1a2a__wan14b__s44.mp4
mqp_5001426,AA,S-S,5,a,1.0,"['1', '2']",True,bench_results/bench002/M1/hunyuan/mq_0c807b275f6e__hunyuan__s43.mp4,bench_results/bench002/M4/mq_0c807b275f6e__wan14b__s44.mp4
mqp_5001433,same,seed,5,a,1.0,"['1', '2']",True,bench_results/bench002/M3/ltx/mq_0c8ca9a426cb__ltx__s44.mp4,bench_results/bench002/M3/ltx/mq_0c8ca9a426cb__ltx__s42.mp4
mqp_5001434,same,W-S,5,a,1.0,"['1', '2']",True,bench_results/bench002/M2/cosmos_super/mq_0c8ca9a426cb__cosmos_super__s44.mp4,bench_results/bench002/M3/wan5b/mq_0c8ca9a426cb__wan5b__s43.mp4
mqp_5001456,same,seed,5,tie,0.0,"['1', '1']",False,bench_results/bench002/M2/cosmos_super/mq_0cb316a6e094__cosmos_super__s44.mp4,bench_results/bench002/M2/cosmos_super/mq_0cb316a6e094__cosmos_super__s43.mp4
mqp_5001460,same,seed,5,a,1.0,"['1', '2']",True,bench_results/bench002/M3/cogvideox/mq_0cbda8f2688c__cogvideox__s44.mp4,bench_results/bench002/M3/cogvideox/mq_0cbda8f2688c__cogvideox__s43.mp4
mqp_5001463,same,S-S,5,a,1.0,"['1', '2']",True,bench_results/bench002/M2/cosmos_super/mq_0cbda8f2688c__cosmos_super__s43.mp4,bench_results/bench002/M1/hunyuan/mq_0cbda8f2688c__hunyuan__s43.mp4
mqp_5001470,same,M-S,5,a,1.0,"['1', '2']",True,bench_results/bench002/M2/cosmos_nano/mq_0cc3401329a9__cosmos_nano__s42.mp4,bench_results/bench002/M4/mq_0cc3401329a9__wan14b__s44.mp4
mqp_5001478,same,M-M,5,b,-1.0,"['2', '1']",True,bench_results/bench002/M2/cosmos_nano/mq_0ce0fdff8f18__cosmos_nano__s44.mp4,bench_results/bench002/N1/videos/mq_0ce0fdff8f18__pangu__s44.mp4
mqp_5001480,same,S-S,5,a,1.0,"['1', '2']",True,bench_results/bench002/M2/cosmos_super/mq_0cf761ba3275__cosmos_super__s42.mp4,bench_results/bench002/M3/ltx/mq_0cf761ba3275__ltx__s44.mp4
mqp_5001490,A,seed,5,tie,0.0,"['1', '1']",False,bench_results/bench002/M2/cosmos_super/mq_0d05eec31556__cosmos_super__s43.mp4,bench_results/bench002/M2/cosmos_super/mq_0d05eec31556__cosmos_super__s44.mp4
mqp_5001496,same,seed,5,b,-1.0,"['2', '1']",True,bench_results/bench002/M3/ltx/mq_0d160d53a1e1__ltx__s43.mp4,bench_results/bench002/M3/ltx/mq_0d160d53a1e1__ltx__s42.mp4
mqp_5001542,A,W-M,5,a,1.0,"['1', '2']",True,bench_results/bench002/M2/cosmos_nano/mq_0dbd46d7b30f__cosmos_nano__s43.mp4,bench_results/bench002/M3/cogvideox/mq_0dbd46d7b30f__cogvideox__s42.mp4
mqp_5001550,same,S-S,5,b,-1.0,"['2', '1']",True,bench_results/bench002/M4/mq_0dc49d643e21__wan14b__s42.mp4,bench_results/bench002/M2/cosmos_super/mq_0dc49d643e21__cosmos_super__s42.mp4
mqp_5001557,B,M-S,5,b,-1.0,"['2', '1']",True,bench_results/bench002/M3/ltx/mq_0dcdced6f971__ltx__s44.mp4,bench_results/bench002/N2/videos/mq_0dcdced6f971__pangu__s44.mp4
mqp_5001565,same,W-S,5,a,1.0,"['1', '2']",True,bench_results/bench002/M3/wan5b/mq_0ddb6e65b4b0__wan5b__s42.mp4,bench_results/bench002/M4/mq_0ddb6e65b4b0__wan14b__s42.mp4
mqp_5001569,A,W-M,5,tie,0.0,"['1', '1']",False,bench_results/bench002/M3/wan5b/mq_0de5bd43de9d__wan5b__s44.mp4,bench_results/bench002/N2/videos/mq_0de5bd43de9d__pangu__s43.mp4
mqp_5001573,same,seed,5,tie,0.0,"['1', '1']",False,bench_results/bench002/M2/cosmos_nano/mq_0df0300f221c__cosmos_nano__s44.mp4,bench_results/bench002/M2/cosmos_nano/mq_0df0300f221c__cosmos_nano__s42.mp4
mqp_5001582,same,M-S,5,tie,0.0,"['1', '1']",False,bench_results/bench002/M1/hunyuan/mq_0e025cf60b3b__hunyuan__s42.mp4,bench_results/bench002/M2/cosmos_nano/mq_0e025cf60b3b__cosmos_nano__s43.mp4
mqp_5001586,B,W-M,5,a,1.0,"['1', '2']",True,bench_results/bench002/M3/cogvideox/mq_0e0f1ea10793__cogvideox__s43.mp4,bench_results/bench002/M2/cosmos_nano/mq_0e0f1ea10793__cosmos_nano__s44.mp4
mqp_5001593,A,W-W,5,b,-1.0,"['2', '1']",True,bench_results/bench002/M3/wan5b/mq_0e1e5752ccd5__wan5b__s42.mp4,bench_results/bench002/M3/cogvideox/mq_0e1e5752ccd5__cogvideox__s42.mp4
mqp_5001605,AA,W-S,5,a,1.0,"['1', '2']",True,bench_results/bench002/M3/ltx/mq_0e5a6f04a9d9__ltx__s43.mp4,bench_results/bench002/M3/cogvideox/mq_0e5a6f04a9d9__cogvideox__s44.mp4
mqp_5001609,same,M-S,5,tie,0.0,"['1', '1']",False,bench_results/bench002/N2/videos/mq_0e762cb7f529__pangu__s43.mp4,bench_results/bench002/M2/cosmos_super/mq_0e762cb7f529__cosmos_super__s42.mp4
mqp_5001610,same,S-S,5,a,1.0,"['1', '2']",True,bench_results/bench002/M4/mq_0e762cb7f529__wan14b__s44.mp4,bench_results/bench002/M2/cosmos_super/mq_0e762cb7f529__cosmos_super__s44.mp4
mqp_5001612,A,seed,5,a,1.0,"['1', '2']",True,bench_results/bench002/M4/mq_0e778573b335__wan14b__s44.mp4,bench_results/bench002/M4/mq_0e778573b335__wan14b__s42.mp4
mqp_5001672,same,W-S,5,a,1.0,"['1', '2']",True,bench_results/bench002/M3/wan5b/mq_0ef07d433218__wan5b__s42.mp4,bench_results/bench002/M3/ltx/mq_0ef07d433218__ltx__s42.mp4
mqp_5001682,AA,W-M,5,a,1.0,"['1', '2']",True,bench_results/bench002/N2/videos/mq_0ef833953351__pangu__s43.mp4,bench_results/bench002/M3/cogvideox/mq_0ef833953351__cogvideox__s44.mp4
mqp_5001704,BB,M-S,5,tie,0.0,"['1', '1']",False,bench_results/bench002/N2/videos/mq_0f247c819a04__pangu__s43.mp4,bench_results/bench002/M4/mq_0f247c819a04__wan14b__s44.mp4
mqp_5001708,same,seed,5,a,1.0,"['1', '2']",True,bench_results/bench002/M2/cosmos_nano/mq_0f29fced9f82__cosmos_nano__s44.mp4,bench_results/bench002/M2/cosmos_nano/mq_0f29fced9f82__cosmos_nano__s43.mp4
mqp_5001714,same,M-M,5,b,-1.0,"['2', '1']",True,bench_results/bench002/N2/videos/mq_0f2ec27bcdf7__pangu__s44.mp4,bench_results/bench002/M2/cosmos_nano/mq_0f2ec27bcdf7__cosmos_nano__s42.mp4
mqp_5001722,A,seed,5,tie,0.0,"['1', '1']",False,bench_results/bench002/M3/ltx/mq_0f3cdf3634bf__ltx__s43.mp4,bench_results/bench002/M3/ltx/mq_0f3cdf3634bf__ltx__s42.mp4
mqp_5001728,same,S-S,5,a,1.0,"['1', '2']",True,bench_results/bench002/M4/mq_0f4dbd54c0e8__wan14b__s43.mp4,bench_results/bench002/M2/cosmos_super/mq_0f4dbd54c0e8__cosmos_super__s43.mp4
mqp_5001737,same,M-S,5,tie,0.0,"['1', '1']",False,bench_results/bench002/M2/cosmos_nano/mq_0f7507861faa__cosmos_nano__s43.mp4,bench_results/bench002/M3/ltx/mq_0f7507861faa__ltx__s43.mp4
mqp_5001739,same,S-S,5,a,1.0,"['1', '2']",True,bench_results/bench002/M1/hunyuan/mq_0f7507861faa__hunyuan__s44.mp4,bench_results/bench002/M4/mq_0f7507861faa__wan14b__s43.mp4
mqp_5001751,same,M-S,5,tie,0.0,"['1', '1']",False,bench_results/bench002/M4/mq_0f807b770a55__wan14b__s44.mp4,bench_results/bench002/M2/cosmos_nano/mq_0f807b770a55__cosmos_nano__s44.mp4
mqp_5001762,A,M-S,5,tie,0.0,"['1', '1']",False,bench_results/bench002/M2/cosmos_super/mq_0f91461f295d__cosmos_super__s44.mp4,bench_results/bench002/M2/cosmos_nano/mq_0f91461f295d__cosmos_nano__s42.mp4
mqp_5001765,B,S-S,5,tie,0.0,"['1', '1']",False,bench_results/bench002/M1/hunyuan/mq_0f923a0b7b65__hunyuan__s44.mp4,bench_results/bench002/M3/ltx/mq_0f923a0b7b65__ltx__s44.mp4
mqp_5001782,BB,seed,5,b,-1.0,"['2', '1']",True,bench_results/bench002/M4/mq_0fd05086223e__wan14b__s42.mp4,bench_results/bench002/M4/mq_0fd05086223e__wan14b__s43.mp4
mqp_5001786,same,S-S,5,b,-1.0,"['2', '1']",True,bench_results/bench002/M1/hunyuan/mq_0fd9df7c0902__hunyuan__s43.mp4,bench_results/bench002/M4/mq_0fd9df7c0902__wan14b__s44.mp4
mqp_5001794,same,M-M,5,b,-1.0,"['2', '1']",True,bench_results/bench002/M2/cosmos_nano/mq_0fe834832bd2__cosmos_nano__s44.mp4,bench_results/bench002/N2/videos/mq_0fe834832bd2__pangu__s42.mp4
mqp_5001801,B,M-S,5,tie,0.0,"['1', '1']",False,bench_results/bench002/M2/cosmos_nano/mq_1007ff40bdb2__cosmos_nano__s43.mp4,bench_results/bench002/M2/cosmos_super/mq_1007ff40bdb2__cosmos_super__s43.mp4
mqp_5001804,same,seed,5,b,-1.0,"['2', '1']",True,bench_results/bench002/M3/wan5b/mq_100bc7580b05__wan5b__s43.mp4,bench_results/bench002/M3/wan5b/mq_100bc7580b05__wan5b__s44.mp4
mqp_5001813,A,W-S,5,b,-1.0,"['2', '1']",True,bench_results/bench002/M4/mq_1014a9245bb1__wan14b__s44.mp4,bench_results/bench002/M3/cogvideox/mq_1014a9245bb1__cogvideox__s43.mp4
mqp_5001841,same,seed,5,b,-1.0,"['2', '1']",True,bench_results/bench002/M3/wan5b/mq_10737a7ff0b5__wan5b__s42.mp4,bench_results/bench002/M3/wan5b/mq_10737a7ff0b5__wan5b__s43.mp4
mqp_5001842,same,M-S,5,a,1.0,"['1', '2']",True,bench_results/bench002/N2/videos/mq_10737a7ff0b5__pangu__s43.mp4,bench_results/bench002/M3/ltx/mq_10737a7ff0b5__ltx__s44.mp4
mqp_5001853,AA,W-M,2,a,1.0,"['1', '2']",True,bench_results/bench002/N2/videos/mq_109940b29c7d__pangu__s43.mp4,bench_results/bench002/M3/cogvideox/mq_109940b29c7d__cogvideox__s43.mp4
mqp_5001860,B,W-S,5,a,1.0,"['1', '2']",True,bench_results/bench002/M3/wan5b/mq_10e3a258bade__wan5b__s44.mp4,bench_results/bench002/M1/hunyuan/mq_10e3a258bade__hunyuan__s43.mp4
mqp_5001866,same,seed,5,tie,0.0,"['2', '2']",False,bench_results/bench002/N2/videos/mq_10ef8b21ca51__pangu__s42.mp4,bench_results/bench002/N2/videos/mq_10ef8b21ca51__pangu__s43.mp4
mqp_5001878,A,W-S,5,a,1.0,"['1', '2']",True,bench_results/bench002/M4/mq_10ffb05d4179__wan14b__s44.mp4,bench_results/bench002/M3/wan5b/mq_10ffb05d4179__wan5b__s44.mp4
mqp_5001883,same,M-S,5,b,-1.0,"['2', '1']",True,bench_results/bench002/M4/mq_110fd49a7bf3__wan14b__s42.mp4,bench_results/bench002/M2/cosmos_nano/mq_110fd49a7bf3__cosmos_nano__s43.mp4
mqp_5001905,same,W-M,5,tie,0.0,"['2', '2']",False,bench_results/bench002/M3/wan5b/mq_115a0ba10370__wan5b__s44.mp4,bench_results/bench002/M2/cosmos_nano/mq_115a0ba10370__cosmos_nano__s43.mp4
mqp_5001915,AA,M-S,5,a,1.0,"['1', '2']",True,bench_results/bench002/M2/cosmos_nano/mq_1168ab86dab5__cosmos_nano__s43.mp4,bench_results/bench002/M3/ltx/mq_1168ab86dab5__ltx__s43.mp4
mqp_5001919,same,seed,5,b,-1.0,"['2', '1']",True,bench_results/bench002/M1/hunyuan/mq_116ec5e1ba2a__hunyuan__s44.mp4,bench_results/bench002/M1/hunyuan/mq_116ec5e1ba2a__hunyuan__s42.mp4
mqp_5001920,B,S-S,5,b,-1.0,"['2', '1']",True,bench_results/bench002/M3/ltx/mq_1178bfd56022__ltx__s44.mp4,bench_results/bench002/M4/mq_1178bfd56022__wan14b__s42.mp4
mqp_5001922,AA,W-S,5,a,1.0,"['1', '2']",True,bench_results/bench002/M2/cosmos_super/mq_1178bfd56022__cosmos_super__s44.mp4,bench_results/bench002/M3/cogvideox/mq_1178bfd56022__cogvideox__s44.mp4
mqp_5001928,same,W-S,5,a,1.0,"['1', '2']",True,bench_results/bench002/M4/mq_118be96c7746__wan14b__s44.mp4,bench_results/bench002/M3/wan5b/mq_118be96c7746__wan5b__s43.mp4
mqp_5001943,same,S-S,5,a,1.0,"['1', '2']",True,bench_results/bench002/M4/mq_119c46ad020b__wan14b__s43.mp4,bench_results/bench002/M2/cosmos_super/mq_119c46ad020b__cosmos_super__s43.mp4
mqp_5001947,A,W-S,5,b,-1.0,"['2', '1']",True,bench_results/bench002/M1/hunyuan/mq_11a1d1c6d3d1__hunyuan__s44.mp4,bench_results/bench002/M3/wan5b/mq_11a1d1c6d3d1__wan5b__s43.mp4
mqp_5001949,same,M-S,5,tie,0.0,"['1', '1']",False,bench_results/bench002/M2/cosmos_nano/mq_11a31ae3ca74__cosmos_nano__s44.mp4,bench_results/bench002/M2/cosmos_super/mq_11a31ae3ca74__cosmos_super__s44.mp4
mqp_5001965,same,seed,5,tie,0.0,"['1', '1']",False,bench_results/bench002/M3/cogvideox/mq_11c3b7d236a9__cogvideox__s42.mp4,bench_results/bench002/M3/cogvideox/mq_11c3b7d236a9__cogvideox__s43.mp4
mqp_5001968,A,seed,5,tie,0.0,"['2', '2']",False,bench_results/bench002/M2/cosmos_super/mq_11ca2ed697ca__cosmos_super__s42.mp4,bench_results/bench002/M2/cosmos_super/mq_11ca2ed697ca__cosmos_super__s44.mp4
mqp_5001970,A,W-W,5,a,1.0,"['1', '2']",True,bench_results/bench002/M3/wan5b/mq_11ca2ed697ca__wan5b__s44.mp4,bench_results/bench002/M3/cogvideox/mq_11ca2ed697ca__cogvideox__s42.mp4
mqp_5001976,same,W-M,5,a,1.0,"['1', '2']",True,bench_results/bench002/M3/wan5b/mq_121525547440__wan5b__s44.mp4,bench_results/bench002/M2/cosmos_nano/mq_121525547440__cosmos_nano__s43.mp4
mqp_5001979,A,M-S,5,a,1.0,"['1', '2']",True,bench_results/bench002/N2/videos/mq_121525547440__pangu__s43.mp4,bench_results/bench002/M2/cosmos_super/mq_121525547440__cosmos_super__s44.mp4
mqp_5001985,B,W-S,5,a,1.0,"['1', '2']",True,bench_results/bench002/M3/cogvideox/mq_123d22e696ec__cogvideox__s44.mp4,bench_results/bench002/M4/mq_123d22e696ec__wan14b__s43.mp4
mqp_5001988,same,M-S,5,a,1.0,"['1', '2']",True,bench_results/bench002/M2/cosmos_super/mq_124e95089b11__cosmos_super__s42.mp4,bench_results/bench002/M2/cosmos_nano/mq_124e95089b11__cosmos_nano__s43.mp4
mqp_5001997,AA,W-S,5,b,-1.0,"['2', '1']",True,bench_results/bench002/M3/ltx/mq_126a0b6e9849__ltx__s44.mp4,bench_results/bench002/M3/wan5b/mq_126a0b6e9849__wan5b__s43.mp4
mqp_5001999,same,seed,5,tie,0.0,"['1', '1']",False,bench_results/bench002/M3/wan5b/mq_126a0b6e9849__wan5b__s42.mp4,bench_results/bench002/M3/wan5b/mq_126a0b6e9849__wan5b__s44.mp4
mqp_5002003,AA,S-S,5,a,1.0,"['1', '2']",True,bench_results/bench002/M3/ltx/mq_12784619e225__ltx__s43.mp4,bench_results/bench002/M2/cosmos_super/mq_12784619e225__cosmos_super__s43.mp4
mqp_5002046,B,W-S,5,a,1.0,"['1', '2']",True,bench_results/bench003/M3/cogvideox/mq_1356cd5c5a07__cogvideox__s42.mp4,bench_results/bench003/M2/cosmos_super/mq_1356cd5c5a07__cosmos_super__s42.mp4
mqp_5002047,same,seed,5,tie,0.0,"['1', '1']",False,bench_results/bench003/M3/ltx/mq_1356cd5c5a07__ltx__s44.mp4,bench_results/bench003/M3/ltx/mq_1356cd5c5a07__ltx__s43.mp4
mqp_5002048,B,W-S,5,a,1.0,"['1', '2']",True,bench_results/bench003/M3/wan5b/mq_13588732ff18__wan5b__s42.mp4,bench_results/bench003/M1/wan14b/mq_13588732ff18__wan14b__s42.mp4
mqp_5002055,A,W-S,5,a,1.0,"['1', '2']",True,bench_results/bench003/M2/cosmos_super/mq_137ba83bb62e__cosmos_super__s43.mp4,bench_results/bench003/M3/wan5b/mq_137ba83bb62e__wan5b__s44.mp4
mqp_5002056,same,S-S,5,b,-1.0,"['2', '1']",True,bench_results/bench003/M3/ltx/mq_137e4d3ae994__ltx__s44.mp4,bench_results/bench003/M1/hunyuan/mq_137e4d3ae994__hunyuan__s43.mp4
mqp_5002057,same,seed,5,b,-1.0,"['2', '1']",True,bench_results/bench003/M3/wan5b/mq_137e4d3ae994__wan5b__s42.mp4,bench_results/bench003/M3/wan5b/mq_137e4d3ae994__wan5b__s43.mp4
mqp_5002061,same,W-W,5,a,1.0,"['1', '2']",True,bench_results/bench003/M3/cogvideox/mq_1382c9969227__cogvideox__s43.mp4,bench_results/bench003/M3/wan5b/mq_1382c9969227__wan5b__s44.mp4
mqp_5002073,A,M-S,5,b,-1.0,"['2', '1']",True,bench_results/bench003/M2/cosmos_nano/mq_13a5324bf05d__cosmos_nano__s43.mp4,bench_results/bench003/M3/ltx/mq_13a5324bf05d__ltx__s42.mp4
mqp_5002076,same,M-S,5,b,-1.0,"['2', '1']",True,bench_results/bench003/M3/ltx/mq_13e516139b8a__ltx__s43.mp4,bench_results/bench003/N1/videos/mq_13e516139b8a__pangu__s44.mp4
mqp_5002085,A,M-S,5,a,1.0,"['1', '2']",True,bench_results/bench003/N1/videos/mq_13e6d8382830__pangu__s44.mp4,bench_results/bench003/M1/hunyuan/mq_13e6d8382830__hunyuan__s44.mp4
mqp_5002104,same,S-S,5,tie,0.0,"['1', '1']",False,bench_results/bench003/M2/cosmos_super/mq_141401bdf4eb__cosmos_super__s43.mp4,bench_results/bench003/M1/wan14b/mq_141401bdf4eb__wan14b__s43.mp4
mqp_5002107,BB,W-S,5,b,-1.0,"['2', '1']",True,bench_results/bench003/M3/cogvideox/mq_141401bdf4eb__cogvideox__s43.mp4,bench_results/bench003/M3/ltx/mq_141401bdf4eb__ltx__s42.mp4
mqp_5002128,same,M-S,5,b,-1.0,"['2', '1']",True,bench_results/bench003/M2/cosmos_nano/mq_144d532de90a__cosmos_nano__s43.mp4,bench_results/bench003/M2/cosmos_super/mq_144d532de90a__cosmos_super__s44.mp4
mqp_5002162,A,M-S,5,a,1.0,"['1', '2']",True,bench_results/bench003/M1/hunyuan/mq_149fd2ce4f7f__hunyuan__s42.mp4,bench_results/bench003/N1/videos/mq_149fd2ce4f7f__pangu__s43.mp4
mqp_5002165,same,seed,5,tie,0.0,"['1', '1']",False,bench_results/bench003/M3/cogvideox/mq_14b62b0ff549__cogvideox__s43.mp4,bench_results/bench003/M3/cogvideox/mq_14b62b0ff549__cogvideox__s42.mp4
mqp_5002169,same,seed,5,b,-1.0,"['2', '1']",True,bench_results/bench003/N1/videos/mq_14ba98470a83__pangu__s43.mp4,bench_results/bench003/N1/videos/mq_14ba98470a83__pangu__s44.mp4
mqp_5002170,A,seed,5,a,1.0,"['1', '2']",True,bench_results/bench003/M3/ltx/mq_14ba98470a83__ltx__s43.mp4,bench_results/bench003/M3/ltx/mq_14ba98470a83__ltx__s42.mp4
mqp_5002188,AA,W-M,5,tie,0.0,"['1', '1']",False,bench_results/bench003/M2/cosmos_nano/mq_1502baf4c0c7__cosmos_nano__s42.mp4,bench_results/bench003/M3/wan5b/mq_1502baf4c0c7__wan5b__s44.mp4
mqp_5002201,same,W-S,5,b,-1.0,"['2', '1']",True,bench_results/bench003/M3/wan14b/mq_155a0510384f__wan14b__s44.mp4,bench_results/bench003/M3/wan5b/mq_155a0510384f__wan5b__s42.mp4
mqp_5002209,B,seed,5,b,-1.0,"['2', '1']",True,bench_results/bench003/M3/ltx/mq_156927c45797__ltx__s44.mp4,bench_results/bench003/M3/ltx/mq_156927c45797__ltx__s43.mp4
mqp_5002213,same,M-S,5,a,1.0,"['1', '2']",True,bench_results/bench003/M2/cosmos_super/mq_158d1fa249f4__cosmos_super__s42.mp4,bench_results/bench003/M2/cosmos_nano/mq_158d1fa249f4__cosmos_nano__s43.mp4
mqp_5002215,same,W-M,5,a,1.0,"['1', '2']",True,bench_results/bench003/M3/cogvideox/mq_158d1fa249f4__cogvideox__s42.mp4,bench_results/bench003/N1/videos/mq_158d1fa249f4__pangu__s43.mp4
mqp_5002223,AA,W-S,5,b,-1.0,"['2', '1']",True,bench_results/bench003/M4/mq_15bdc4c29d9d__wan14b__s43.mp4,bench_results/bench003/M3/cogvideox/mq_15bdc4c29d9d__cogvideox__s44.mp4
mqp_5002249,same,M-M,5,b,-1.0,"['2', '1']",True,bench_results/bench003/M2/cosmos_nano/mq_16816cb1ea9e__cosmos_nano__s44.mp4,bench_results/bench003/N1/videos/mq_16816cb1ea9e__pangu__s44.mp4
mqp_5002267,AA,W-S,5,b,-1.0,"['2', '1']",True,bench_results/bench003/M1/hunyuan/mq_17282f5822e9__hunyuan__s44.mp4,bench_results/bench003/M3/wan5b/mq_17282f5822e9__wan5b__s44.mp4
mqp_5002269,A,M-S,5,b,-1.0,"['2', '1']",True,bench_results/bench003/M2/cosmos_nano/mq_17307c8605b0__cosmos_nano__s42.mp4,bench_results/bench003/M2/cosmos_super/mq_17307c8605b0__cosmos_super__s42.mp4
mqp_5002283,A,W-S,5,a,1.0,"['1', '2']",True,bench_results/bench003/M4/mq_173c93d034db__wan14b__s43.mp4,bench_results/bench003/M3/wan5b/mq_173c93d034db__wan5b__s44.mp4
mqp_5002296,same,S-S,5,b,-1.0,"['2', '1']",True,bench_results/bench003/M2/cosmos_super/mq_1797ac806185__cosmos_super__s43.mp4,bench_results/bench003/M1/hunyuan/mq_1797ac806185__hunyuan__s42.mp4
mqp_5002302,B,seed,5,b,-1.0,"['2', '1']",True,bench_results/bench003/M2/cosmos_nano/mq_17980de0ded1__cosmos_nano__s44.mp4,bench_results/bench003/M2/cosmos_nano/mq_17980de0ded1__cosmos_nano__s43.mp4
mqp_5002308,B,W-M,5,tie,0.0,"['1', '1']",False,bench_results/bench003/M3/cogvideox/mq_17a4bd6a7911__cogvideox__s43.mp4,bench_results/bench003/N1/videos/mq_17a4bd6a7911__pangu__s44.mp4
mqp_5002313,same,S-S,5,b,-1.0,"['2', '1']",True,bench_results/bench003/M2/cosmos_super/mq_17bbc894c30e__cosmos_super__s42.mp4,bench_results/bench003/M3/ltx/mq_17bbc894c30e__ltx__s43.mp4
mqp_5002317,A,W-M,5,b,-1.0,"['2', '1']",True,bench_results/bench003/M3/wan5b/mq_17c1984c0749__wan5b__s44.mp4,bench_results/bench003/N1/videos/mq_17c1984c0749__pangu__s43.mp4
mqp_5002322,same,seed,5,a,1.0,"['1', '2']",True,bench_results/bench003/N1/videos/mq_17c7b6e71d01__pangu__s42.mp4,bench_results/bench003/N1/videos/mq_17c7b6e71d01__pangu__s44.mp4
mqp_5002349,B,W-M,5,b,-1.0,"['2', '1']",True,bench_results/bench003/M2/cosmos_nano/mq_189441407897__cosmos_nano__s42.mp4,bench_results/bench003/M3/wan5b/mq_189441407897__wan5b__s44.mp4
mqp_5002353,BB,seed,5,a,1.0,"['1', '2']",True,bench_results/bench003/M3/cogvideox/mq_18ab4912afb9__cogvideox__s43.mp4,bench_results/bench003/M3/cogvideox/mq_18ab4912afb9__cogvideox__s44.mp4
mqp_5002362,A,M-S,5,tie,0.0,"['1', '1']",False,bench_results/bench003/M2/cosmos_super/mq_18b4ce089f87__cosmos_super__s42.mp4,bench_results/bench003/N1/videos/mq_18b4ce089f87__pangu__s42.mp4
mqp_5002365,B,M-S,5,b,-1.0,"['2', '1']",True,bench_results/bench003/N1/videos/mq_18c29ab1f2a6__pangu__s44.mp4,bench_results/bench003/M1/hunyuan/mq_18c29ab1f2a6__hunyuan__s42.mp4
mqp_5002374,B,W-S,5,a,1.0,"['1', '2']",True,bench_results/bench003/M3/wan5b/mq_18fee37b3f64__wan5b__s44.mp4,bench_results/bench003/M3/ltx/mq_18fee37b3f64__ltx__s43.mp4
mqp_5002392,same,seed,5,a,1.0,"['1', '2']",True,bench_results/bench003/M2/cosmos_nano/mq_1957d60a85ad__cosmos_nano__s43.mp4,bench_results/bench003/M2/cosmos_nano/mq_1957d60a85ad__cosmos_nano__s44.mp4
mqp_5002404,B,M-M,5,a,1.0,"['1', '2']",True,bench_results/bench003/N1/videos/mq_198bca488437__pangu__s43.mp4,bench_results/bench003/M2/cosmos_nano/mq_198bca488437__cosmos_nano__s42.mp4
mqp_5002408,B,W-S,5,a,1.0,"['1', '2']",True,bench_results/bench003/M3/cogvideox/mq_19978083b987__cogvideox__s43.mp4,bench_results/bench003/M2/cosmos_super/mq_19978083b987__cosmos_super__s43.mp4
mqp_5002411,A,S-S,5,b,-1.0,"['2', '1']",True,bench_results/bench003/M3/ltx/mq_19978083b987__ltx__s43.mp4,bench_results/bench003/M4/mq_19978083b987__wan14b__s44.mp4
mqp_5002414,A,seed,4,b,-1.0,"['2', '1']",True,bench_results/bench003/M3/cogvideox/mq_19a7488a229a__cogvideox__s42.mp4,bench_results/bench003/M3/cogvideox/mq_19a7488a229a__cogvideox__s43.mp4
mqp_5002417,B,S-S,5,a,1.0,"['1', '2']",True,bench_results/bench003/M4/mq_19c832ac5f99__wan14b__s43.mp4,bench_results/bench003/M1/hunyuan/mq_19c832ac5f99__hunyuan__s42.mp4
mqp_5002427,same,W-M,5,b,-1.0,"['2', '1']",True,bench_results/bench003/M2/cosmos_nano/mq_19e1cbf4acc4__cosmos_nano__s44.mp4,bench_results/bench003/M3/wan5b/mq_19e1cbf4acc4__wan5b__s42.mp4
mqp_5002431,A,S-S,5,a,1.0,"['1', '2']",True,bench_results/bench003/M2/cosmos_super/mq_19f9ee1e65bb__cosmos_super__s44.mp4,bench_results/bench003/M1/hunyuan/mq_19f9ee1e65bb__hunyuan__s42.mp4
mqp_5002435,A,W-S,5,tie,0.0,"['1', '1']",False,bench_results/bench003/M4/mq_1a020d7b0e34__wan14b__s42.mp4,bench_results/bench003/M3/wan5b/mq_1a020d7b0e34__wan5b__s42.mp4
mqp_5002443,AA,S-S,5,a,1.0,"['1', '2']",True,bench_results/bench003/M2/cosmos_super/mq_1a2978d6ab62__cosmos_super__s42.mp4,bench_results/bench003/M4/mq_1a2978d6ab62__wan14b__s43.mp4
mqp_5002461,same,seed,5,tie,0.0,"['1', '1']",False,bench_results/bench003/N1/videos/mq_1a70391806a7__pangu__s42.mp4,bench_results/bench003/N1/videos/mq_1a70391806a7__pangu__s43.mp4
mqp_5002471,BB,M-S,5,tie,0.0,"['2', '2']",False,bench_results/bench003/M3/ltx/mq_1ab87ed629f8__ltx__s42.mp4,bench_results/bench003/M2/cosmos_nano/mq_1ab87ed629f8__cosmos_nano__s43.mp4
mqp_5002479,same,W-W,5,tie,0.0,"['1', '1']",False,bench_results/bench003/M3/wan5b/mq_1b01467d10d1__wan5b__s44.mp4,bench_results/bench003/M3/cogvideox/mq_1b01467d10d1__cogvideox__s43.mp4
mqp_5002481,B,W-M,5,a,1.0,"['1', '2']",True,bench_results/bench003/N1/videos/mq_1b145081f3d1__pangu__s42.mp4,bench_results/bench003/M3/wan5b/mq_1b145081f3d1__wan5b__s43.mp4
mqp_5002490,same,S-S,5,b,-1.0,"['2', '1']",True,bench_results/bench003/M3/ltx/mq_1b3246523469__ltx__s43.mp4,bench_results/bench003/M2/cosmos_super/mq_1b3246523469__cosmos_super__s43.mp4
mqp_5002493,BB,W-M,5,b,-1.0,"['2', '1']",True,bench_results/bench003/M3/cogvideox/mq_1b3a527f0e5c__cogvideox__s42.mp4,bench_results/bench003/M2/cosmos_nano/mq_1b3a527f0e5c__cosmos_nano__s43.mp4
mqp_5002509,same,M-S,5,a,1.0,"['1', '2']",True,bench_results/bench003/N1/videos/mq_1bbe27d60d7a__pangu__s43.mp4,bench_results/bench003/M3/ltx/mq_1bbe27d60d7a__ltx__s44.mp4
mqp_5002522,same,seed,5,b,-1.0,"['2', '1']",True,bench_results/bench003/M3/ltx/mq_1bdcc619efc8__ltx__s44.mp4,bench_results/bench003/M3/ltx/mq_1bdcc619efc8__ltx__s42.mp4
mqp_5002524,A,M-S,5,b,-1.0,"['2', '1']",True,bench_results/bench003/M2/cosmos_super/mq_1be697319c87__cosmos_super__s43.mp4,bench_results/bench003/N1/videos/mq_1be697319c87__pangu__s42.mp4
mqp_5002532,same,S-S,5,b,-1.0,"['2', '1']",True,bench_results/bench003/M4/mq_1bf1da7b77e1__wan14b__s43.mp4,bench_results/bench003/M2/cosmos_super/mq_1bf1da7b77e1__cosmos_super__s42.mp4
mqp_5002538,same,W-S,5,tie,0.0,"['1', '1']",False,bench_results/bench003/M3/ltx/mq_1c240d3eabb0__ltx__s43.mp4,bench_results/bench003/M3/wan5b/mq_1c240d3eabb0__wan5b__s42.mp4
mqp_5002543,AA,W-M,5,a,1.0,"['1', '2']",True,bench_results/bench003/N2/videos/mq_1c769bb5df3b__pangu__s44.mp4,bench_results/bench003/M3/cogvideox/mq_1c769bb5df3b__cogvideox__s42.mp4
mqp_5002558,B,M-S,5,tie,0.0,"['1', '1']",False,bench_results/bench003/M2/cosmos_nano/mq_1d1a50ecd599__cosmos_nano__s43.mp4,bench_results/bench003/M2/cosmos_super/mq_1d1a50ecd599__cosmos_super__s44.mp4
mqp_5002570,B,seed,5,b,-1.0,"['2', '1']",True,bench_results/bench003/M2/cosmos_super/mq_1d39ffb2a411__cosmos_super__s42.mp4,bench_results/bench003/M2/cosmos_super/mq_1d39ffb2a411__cosmos_super__s44.mp4
mqp_5002597,BB,W-W,5,b,-1.0,"['2', '1']",True,bench_results/bench003/M3/cogvideox/mq_1dfdb35f2022__cogvideox__s43.mp4,bench_results/bench003/M3/wan5b/mq_1dfdb35f2022__wan5b__s42.mp4
mqp_5002607,same,W-S,5,b,-1.0,"['2', '1']",True,bench_results/bench003/M2/cosmos_super/mq_1e1e40719af9__cosmos_super__s42.mp4,bench_results/bench003/M3/wan5b/mq_1e1e40719af9__wan5b__s44.mp4
mqp_5002609,B,S-S,5,b,-1.0,"['2', '1']",True,bench_results/bench003/M3/ltx/mq_1e210be3a807__ltx__s42.mp4,bench_results/bench003/M2/cosmos_super/mq_1e210be3a807__cosmos_super__s44.mp4
mqp_5002623,B,S-S,5,tie,0.0,"['1', '1']",False,bench_results/bench003/M3/ltx/mq_1e505dc677f6__ltx__s42.mp4,bench_results/bench003/M1/hunyuan/mq_1e505dc677f6__hunyuan__s44.mp4
mqp_5002634,same,W-M,5,b,-1.0,"['2', '1']",True,bench_results/bench003/M2/cosmos_nano/mq_1e7f1514d836__cosmos_nano__s44.mp4,bench_results/bench003/M3/wan5b/mq_1e7f1514d836__wan5b__s44.mp4
mqp_5002650,B,S-S,5,b,-1.0,"['2', '1']",True,bench_results/bench003/M2/cosmos_super/mq_1ed4035e71ff__cosmos_super__s44.mp4,bench_results/bench003/M4/mq_1ed4035e71ff__wan14b__s44.mp4
mqp_5002676,same,seed,5,tie,0.0,"['1', '1']",False,bench_results/bench003/M2/cosmos_super/mq_1f87b3b4e696__cosmos_super__s42.mp4,bench_results/bench003/M2/cosmos_super/mq_1f87b3b4e696__cosmos_super__s44.mp4
mqp_5002687,B,M-S,5,tie,0.0,"['1', '1']",False,bench_results/bench003/M4/mq_1fba3785a96b__wan14b__s43.mp4,bench_results/bench003/N2/videos/mq_1fba3785a96b__pangu__s44.mp4
mqp_5002700,AA,M-S,5,b,-1.0,"['2', '1']",True,bench_results/bench003/M2/cosmos_super/mq_2079fcffd7e7__cosmos_super__s44.mp4,bench_results/bench003/N2/videos/mq_2079fcffd7e7__pangu__s44.mp4
mqp_5002712,same,seed,5,b,-1.0,"['2', '1']",True,bench_results/bench003/M3/ltx/mq_20c79666f68c__ltx__s44.mp4,bench_results/bench003/M3/ltx/mq_20c79666f68c__ltx__s42.mp4
mqp_5002717,A,W-W,5,a,1.0,"['1', '2']",True,bench_results/bench003/M3/wan5b/mq_20ec0989d056__wan5b__s43.mp4,bench_results/bench003/M3/cogvideox/mq_20ec0989d056__cogvideox__s43.mp4
mqp_5002719,B,S-S,5,b,-1.0,"['2', '1']",True,bench_results/bench003/M1/hunyuan/mq_20ec0989d056__hunyuan__s43.mp4,bench_results/bench003/M4/mq_20ec0989d056__wan14b__s44.mp4
mqp_5002724,same,M-S,5,b,-1.0,"['2', '1']",True,bench_results/bench003/M4/mq_210bb1138fe3__wan14b__s42.mp4,bench_results/bench003/N2/videos/mq_210bb1138fe3__pangu__s42.mp4
mqp_5002728,A,seed,5,a,1.0,"['1', '2']",True,bench_results/bench003/M3/wan5b/mq_219ab659f6a7__wan5b__s43.mp4,bench_results/bench003/M3/wan5b/mq_219ab659f6a7__wan5b__s42.mp4
mqp_5002761,same,seed,5,b,-1.0,"['2', '1']",True,bench_results/bench003/M3/ltx/mq_2303a00133d8__ltx__s44.mp4,bench_results/bench003/M3/ltx/mq_2303a00133d8__ltx__s42.mp4
mqp_5002780,A,S-S,5,b,-1.0,"['2', '1']",True,bench_results/bench003/M1/hunyuan/mq_233f91158b4d__hunyuan__s42.mp4,bench_results/bench003/M3/ltx/mq_233f91158b4d__ltx__s43.mp4
mqp_5002789,BB,W-M,5,tie,0.0,"['2', '2']",False,bench_results/bench003/M3/cogvideox/mq_234433127ca4__cogvideox__s43.mp4,bench_results/bench003/M2/cosmos_nano/mq_234433127ca4__cosmos_nano__s44.mp4
mqp_5002802,same,seed,5,b,-1.0,"['2', '1']",True,bench_results/bench003/M4/mq_239450c4b553__wan14b__s42.mp4,bench_results/bench003/M4/mq_239450c4b553__wan14b__s44.mp4
mqp_5002811,same,M-S,5,tie,0.0,"['2', '2']",False,bench_results/bench003/M2/cosmos_super/mq_23ebdff54eb4__cosmos_super__s44.mp4,bench_results/bench003/N2/videos/mq_23ebdff54eb4__pangu__s44.mp4
mqp_5002819,same,seed,5,tie,0.0,"['1', '1']",False,bench_results/bench003/N2/videos/mq_23fc84d5c3b1__pangu__s43.mp4,bench_results/bench003/N2/videos/mq_23fc84d5c3b1__pangu__s44.mp4
mqp_5002824,same,M-M,5,b,-1.0,"['2', '1']",True,bench_results/bench003/N2/videos/mq_2409d22f3640__pangu__s42.mp4,bench_results/bench003/M2/cosmos_nano/mq_2409d22f3640__cosmos_nano__s42.mp4
mqp_5002841,A,seed,5,b,-1.0,"['2', '1']",True,bench_results/bench003/M2/cosmos_nano/mq_24c188daea76__cosmos_nano__s42.mp4,bench_results/bench003/M2/cosmos_nano/mq_24c188daea76__cosmos_nano__s43.mp4
mqp_5002845,B,S-S,5,tie,0.0,"['1', '1']",False,bench_results/bench003/M2/cosmos_super/mq_24de12019c12__cosmos_super__s42.mp4,bench_results/bench003/M1/hunyuan/mq_24de12019c12__hunyuan__s43.mp4
mqp_5002851,A,W-S,5,a,1.0,"['1', '2']",True,bench_results/bench003/M4/mq_2510ed9131b6__wan14b__s42.mp4,bench_results/bench003/M3/wan5b/mq_2510ed9131b6__wan5b__s42.mp4
mqp_5002854,same,seed,5,a,1.0,"['1', '2']",True,bench_results/bench003/M2/cosmos_super/mq_252202358636__cosmos_super__s43.mp4,bench_results/bench003/M2/cosmos_super/mq_252202358636__cosmos_super__s42.mp4
mqp_5002875,A,M-S,5,b,-1.0,"['2', '1']",True,bench_results/bench003/M3/ltx/mq_25cf9dc724ab__ltx__s42.mp4,bench_results/bench003/N2/videos/mq_25cf9dc724ab__pangu__s42.mp4
mqp_5002878,B,S-S,5,a,1.0,"['1', '2']",True,bench_results/bench003/M3/ltx/mq_25dd8bbe96da__ltx__s43.mp4,bench_results/bench003/M1/hunyuan/mq_25dd8bbe96da__hunyuan__s43.mp4
mqp_5002886,A,S-S,5,tie,0.0,"['1', '1']",False,bench_results/bench003/M4/mq_261f844d0540__wan14b__s42.mp4,bench_results/bench003/M3/ltx/mq_261f844d0540__ltx__s42.mp4
mqp_5002890,same,seed,5,tie,0.0,"['1', '1']",False,bench_results/bench003/M2/cosmos_super/mq_2643a9900111__cosmos_super__s43.mp4,bench_results/bench003/M2/cosmos_super/mq_2643a9900111__cosmos_super__s44.mp4
mqp_5002892,same,W-S,5,a,1.0,"['1', '2']",True,bench_results/bench003/M3/wan5b/mq_274bead4a13c__wan5b__s44.mp4,bench_results/bench003/M2/cosmos_super/mq_274bead4a13c__cosmos_super__s42.mp4
mqp_5002897,B,seed,5,a,1.0,"['1', '2']",True,bench_results/bench003/M4/mq_277852f9e340__wan14b__s43.mp4,bench_results/bench003/M4/mq_277852f9e340__wan14b__s44.mp4
mqp_5002899,B,seed,5,tie,0.0,"['1', '1']",False,bench_results/bench003/M1/hunyuan/mq_277852f9e340__hunyuan__s42.mp4,bench_results/bench003/M1/hunyuan/mq_277852f9e340__hunyuan__s44.mp4
mqp_5002907,B,seed,5,b,-1.0,"['2', '1']",True,bench_results/bench003/N2/videos/mq_2798a0f65318__pangu__s42.mp4,bench_results/bench003/N2/videos/mq_2798a0f65318__pangu__s43.mp4
mqp_5002912,A,W-S,5,tie,0.0,"['1', '1']",False,bench_results/bench003/M1/hunyuan/mq_27b8f3e56c77__hunyuan__s44.mp4,bench_results/bench003/M3/cogvideox/mq_27b8f3e56c77__cogvideox__s42.mp4
mqp_5002926,B,W-M,5,b,-1.0,"['2', '1']",True,bench_results/bench003/M2/cosmos_nano/mq_285fe25c5ffd__cosmos_nano__s44.mp4,bench_results/bench003/M3/cogvideox/mq_285fe25c5ffd__cogvideox__s44.mp4
mqp_5002932,AA,M-S,5,a,1.0,"['1', '2']",True,bench_results/bench003/M2/cosmos_super/mq_28c830b9e60a__cosmos_super__s43.mp4,bench_results/bench003/M2/cosmos_nano/mq_28c830b9e60a__cosmos_nano__s43.mp4
mqp_5002944,same,M-S,5,a,1.0,"['1', '2']",True,bench_results/bench003/N2/videos/mq_2981171cddc4__pangu__s42.mp4,bench_results/bench003/M3/ltx/mq_2981171cddc4__ltx__s44.mp4
mqp_5002950,same,seed,5,b,-1.0,"['2', '1']",True,bench_results/bench003/M3/wan5b/mq_29aeedcb0e43__wan5b__s42.mp4,bench_results/bench003/M3/wan5b/mq_29aeedcb0e43__wan5b__s44.mp4
mqp_5002964,same,S-S,5,tie,0.0,"['1', '1']",False,bench_results/bench003/M2/cosmos_super/mq_2af60e64f804__cosmos_super__s43.mp4,bench_results/bench003/M3/ltx/mq_2af60e64f804__ltx__s44.mp4
mqp_5002970,A,W-M,5,b,-1.0,"['2', '1']",True,bench_results/bench003/M3/cogvideox/mq_2b078d936f9e__cogvideox__s42.mp4,bench_results/bench003/M2/cosmos_nano/mq_2b078d936f9e__cosmos_nano__s44.mp4
mqp_5002977,same,seed,5,a,1.0,"['1', '2']",True,bench_results/bench003/M2/cosmos_nano/mq_2b570a457bd2__cosmos_nano__s43.mp4,bench_results/bench003/M2/cosmos_nano/mq_2b570a457bd2__cosmos_nano__s44.mp4
mqp_5002979,same,M-S,5,b,-1.0,"['2', '1']",True,bench_results/bench003/M3/ltx/mq_2b570a457bd2__ltx__s44.mp4,bench_results/bench003/M2/cosmos_nano/mq_2b570a457bd2__cosmos_nano__s42.mp4
mqp_5002989,same,S-S,5,b,-1.0,"['2', '1']",True,bench_results/bench003/M2/cosmos_super/mq_2bef18b4ea1e__cosmos_super__s42.mp4,bench_results/bench003/M4/mq_2bef18b4ea1e__wan14b__s42.mp4
mqp_5002997,B,M-S,5,tie,0.0,"['2', '2']",False,bench_results/bench003/M2/cosmos_nano/mq_2c020cf0cb93__cosmos_nano__s44.mp4,bench_results/bench003/M2/cosmos_super/mq_2c020cf0cb93__cosmos_super__s43.mp4
mqp_5003007,same,M-S,5,tie,0.0,"['2', '2']",False,bench_results/bench003/M4/mq_2c73414e8689__wan14b__s42.mp4,bench_results/bench003/N2/videos/mq_2c73414e8689__pangu__s43.mp4
mqp_5003008,BB,W-W,5,b,-1.0,"['2', '1']",True,bench_results/bench003/M3/cogvideox/mq_2c80a3d39c22__cogvideox__s44.mp4,bench_results/bench003/M3/wan5b/mq_2c80a3d39c22__wan5b__s44.mp4
mqp_5003013,B,seed,5,b,-1.0,"['2', '1']",True,bench_results/bench003/M1/hunyuan/mq_2c8ae70fc618__hunyuan__s44.mp4,bench_results/bench003/M1/hunyuan/mq_2c8ae70fc618__hunyuan__s43.mp4
mqp_5003016,same,S-S,5,a,1.0,"['1', '2']",True,bench_results/bench003/M4/mq_2cbe83eda1cf__wan14b__s44.mp4,bench_results/bench003/M2/cosmos_super/mq_2cbe83eda1cf__cosmos_super__s44.mp4
mqp_5003021,same,seed,5,b,-1.0,"['2', '1']",True,bench_results/bench003/N2/videos/mq_2cc35350b830__pangu__s42.mp4,bench_results/bench003/N2/videos/mq_2cc35350b830__pangu__s44.mp4
mqp_5003022,B,W-S,5,tie,0.0,"['1', '1']",False,bench_results/bench003/M3/cogvideox/mq_2cc35350b830__cogvideox__s42.mp4,bench_results/bench003/M4/mq_2cc35350b830__wan14b__s42.mp4
mqp_5003024,BB,S-S,5,a,1.0,"['1', '2']",True,bench_results/bench003/M3/ltx/mq_2cc73e93a41f__ltx__s44.mp4,bench_results/bench003/M1/hunyuan/mq_2cc73e93a41f__hunyuan__s43.mp4
mqp_5003025,same,seed,5,tie,0.0,"['1', '1']",False,bench_results/bench003/M3/cogvideox/mq_2cc73e93a41f__cogvideox__s42.mp4,bench_results/bench003/M3/cogvideox/mq_2cc73e93a41f__cogvideox__s43.mp4
mqp_5003030,same,S-S,5,b,-1.0,"['2', '1']",True,bench_results/bench003/M1/hunyuan/mq_2ce95df40c73__hunyuan__s42.mp4,bench_results/bench003/M2/cosmos_super/mq_2ce95df40c73__cosmos_super__s44.mp4
mqp_5003048,B,W-M,5,b,-1.0,"['2', '1']",True,bench_results/bench004/M3/wan5b/mq_2d252b43bf32__wan5b__s42.mp4,bench_results/bench004/M2/cosmos_nano/mq_2d252b43bf32__cosmos_nano__s44.mp4
mqp_5003053,A,W-S,5,tie,0.0,"['2', '2']",False,bench_results/bench004/M3/ltx/mq_2d43cd62480d__ltx__s44.mp4,bench_results/bench004/M3/cogvideox/mq_2d43cd62480d__cogvideox__s44.mp4
mqp_5003055,same,S-S,5,a,1.0,"['1', '2']",True,bench_results/bench004/M1/wan14b/mq_2d462bf1c225__wan14b__s42.mp4,bench_results/bench004/M3/ltx/mq_2d462bf1c225__ltx__s43.mp4
mqp_5003060,same,M-S,5,tie,0.0,"['1', '1']",False,bench_results/bench004/M1/wan14b/mq_2d629231ad2d__wan14b__s44.mp4,bench_results/bench004/M2/cosmos_nano/mq_2d629231ad2d__cosmos_nano__s42.mp4
mqp_5003065,same,M-S,5,tie,0.0,"['1', '1']",False,bench_results/bench004/N1/videos/mq_2d9bfd6d4afd__pangu__s43.mp4,bench_results/bench004/M3/ltx/mq_2d9bfd6d4afd__ltx__s44.mp4
mqp_5003074,A,M-S,5,a,1.0,"['1', '2']",True,bench_results/bench004/M2/cosmos_super/mq_2e2b63bd076d__cosmos_super__s43.mp4,bench_results/bench004/M2/cosmos_nano/mq_2e2b63bd076d__cosmos_nano__s42.mp4
mqp_5003082,same,seed,5,tie,0.0,"['1', '1']",False,bench_results/bench004/M2/cosmos_nano/mq_2fa23d398443__cosmos_nano__s43.mp4,bench_results/bench004/M2/cosmos_nano/mq_2fa23d398443__cosmos_nano__s42.mp4
mqp_5003087,AA,W-S,5,a,1.0,"['1', '2']",True,bench_results/bench004/M3/wan5b/mq_30431a130993__wan5b__s43.mp4,bench_results/bench004/M2/cosmos_super/mq_30431a130993__cosmos_super__s43.mp4
mqp_5003113,B,S-S,5,b,-1.0,"['2', '1']",True,bench_results/bench004/M3/ltx/mq_31a4a52220bd__ltx__s43.mp4,bench_results/bench004/M1/wan14b/mq_31a4a52220bd__wan14b__s43.mp4
mqp_5003116,same,seed,5,tie,0.0,"['1', '1']",False,bench_results/bench004/M2/cosmos_super/mq_31b873c791a6__cosmos_super__s43.mp4,bench_results/bench004/M2/cosmos_super/mq_31b873c791a6__cosmos_super__s44.mp4
mqp_5003124,A,seed,5,a,1.0,"['1', '2']",True,bench_results/bench004/M1/hunyuan/mq_31f6ed2c485c__hunyuan__s43.mp4,bench_results/bench004/M1/hunyuan/mq_31f6ed2c485c__hunyuan__s42.mp4
mqp_5003126,BB,M-S,5,tie,0.0,"['1', '1']",False,bench_results/bench004/M2/cosmos_nano/mq_32c653c6f698__cosmos_nano__s44.mp4,bench_results/bench004/M2/cosmos_super/mq_32c653c6f698__cosmos_super__s44.mp4
mqp_5003131,same,M-S,5,a,1.0,"['1', '2']",True,bench_results/bench004/N1/videos/mq_32c677c11467__pangu__s43.mp4,bench_results/bench004/M2/cosmos_super/mq_32c677c11467__cosmos_super__s42.mp4
mqp_5003136,same,S-S,5,tie,0.0,"['1', '1']",False,bench_results/bench004/M3/ltx/mq_32ca31e4206f__ltx__s42.mp4,bench_results/bench004/M1/wan14b/mq_32ca31e4206f__wan14b__s42.mp4
mqp_5003139,B,W-W,5,b,-1.0,"['2', '1']",True,bench_results/bench004/M3/cogvideox/mq_32d78e13cb52__cogvideox__s43.mp4,bench_results/bench004/M3/wan5b/mq_32d78e13cb52__wan5b__s42.mp4
mqp_5003141,same,seed,5,tie,0.0,"['1', '1']",False,bench_results/bench004/N1/videos/mq_32d78e13cb52__pangu__s42.mp4,bench_results/bench004/N1/videos/mq_32d78e13cb52__pangu__s44.mp4
mqp_5003142,AA,S-S,5,a,1.0,"['1', '2']",True,bench_results/bench004/M2/cosmos_super/mq_33866a230916__cosmos_super__s42.mp4,bench_results/bench004/M3/ltx/mq_33866a230916__ltx__s44.mp4
mqp_5003147,AA,W-S,5,b,-1.0,"['2', '1']",True,bench_results/bench004/M3/ltx/mq_3397532b4a14__ltx__s43.mp4,bench_results/bench004/M3/cogvideox/mq_3397532b4a14__cogvideox__s44.mp4
mqp_5003153,same,M-S,5,a,1.0,"['1', '2']",True,bench_results/bench004/N1/videos/mq_33d8e05a90dd__pangu__s43.mp4,bench_results/bench004/M1/wan14b/mq_33d8e05a90dd__wan14b__s43.mp4
mqp_5003166,same,seed,5,b,-1.0,"['2', '1']",True,bench_results/bench004/M3/wan5b/mq_35814d338ff3__wan5b__s42.mp4,bench_results/bench004/M3/wan5b/mq_35814d338ff3__wan5b__s43.mp4
mqp_5003168,A,W-M,5,b,-1.0,"['2', '1']",True,bench_results/bench004/N1/videos/mq_35814d338ff3__pangu__s42.mp4,bench_results/bench004/M3/wan5b/mq_35814d338ff3__wan5b__s44.mp4
mqp_5003175,same,W-S,5,b,-1.0,"['2', '1']",True,bench_results/bench004/M3/wan5b/mq_35df051f6360__wan5b__s42.mp4,bench_results/bench004/M2/wan14b/mq_35df051f6360__wan14b__s44.mp4
mqp_5003184,BB,W-S,5,a,1.0,"['1', '2']",True,bench_results/bench004/M3/cogvideox/mq_35f48b50c939__cogvideox__s44.mp4,bench_results/bench004/M2/cosmos_super/mq_35f48b50c939__cosmos_super__s44.mp4
mqp_5003190,BB,S-S,5,b,-1.0,"['2', '1']",True,bench_results/bench004/M2/cosmos_super/mq_36eeff8c0388__cosmos_super__s44.mp4,bench_results/bench004/M3/ltx/mq_36eeff8c0388__ltx__s43.mp4
mqp_5003201,BB,W-M,5,b,-1.0,"['2', '1']",True,bench_results/bench004/M3/cogvideox/mq_376e14645ea1__cogvideox__s43.mp4,bench_results/bench004/M2/cosmos_nano/mq_376e14645ea1__cosmos_nano__s44.mp4
mqp_5003217,same,M-M,5,a,1.0,"['1', '2']",True,bench_results/bench004/N1/videos/mq_3b7e8c82cb72__pangu__s44.mp4,bench_results/bench004/M2/cosmos_nano/mq_3b7e8c82cb72__cosmos_nano__s43.mp4
mqp_5003220,AA,W-S,5,tie,0.0,"['1', '1']",False,bench_results/bench004/M2/cosmos_super/mq_3be40d28bf8e__cosmos_super__s44.mp4,bench_results/bench004/M3/cogvideox/mq_3be40d28bf8e__cogvideox__s43.mp4
mqp_5003223,same,S-S,5,tie,0.0,"['1', '1']",False,bench_results/bench004/M1/hunyuan/mq_3bedbfd0fd44__hunyuan__s44.mp4,bench_results/bench004/M2/cosmos_super/mq_3bedbfd0fd44__cosmos_super__s43.mp4
mqp_5003224,A,S-S,5,a,1.0,"['1', '2']",True,bench_results/bench004/M3/ltx/mq_3bedbfd0fd44__ltx__s42.mp4,bench_results/bench004/M4/mq_3bedbfd0fd44__wan14b__s44.mp4
mqp_5003228,same,seed,5,b,-1.0,"['2', '1']",True,bench_results/bench004/M2/cosmos_nano/mq_3c2e68819059__cosmos_nano__s44.mp4,bench_results/bench004/M2/cosmos_nano/mq_3c2e68819059__cosmos_nano__s43.mp4
mqp_5003230,A,seed,5,tie,0.0,"['1', '1']",False,bench_results/bench004/M3/wan5b/mq_3cb0e07b2da5__wan5b__s44.mp4,bench_results/bench004/M3/wan5b/mq_3cb0e07b2da5__wan5b__s42.mp4
mqp_5003241,same,seed,5,tie,0.0,"['1', '1']",False,bench_results/bench004/M1/hunyuan/mq_3d1fb2d937b7__hunyuan__s42.mp4,bench_results/bench004/M1/hunyuan/mq_3d1fb2d937b7__hunyuan__s44.mp4
mqp_5003242,A,S-S,5,a,1.0,"['1', '2']",True,bench_results/bench004/M4/mq_3d2d9b26a10c__wan14b__s42.mp4,bench_results/bench004/M1/hunyuan/mq_3d2d9b26a10c__hunyuan__s43.mp4
mqp_5003250,A,seed,5,a,1.0,"['1', '2']",True,bench_results/bench004/M3/cogvideox/mq_3d4f0b4731b4__cogvideox__s43.mp4,bench_results/bench004/M3/cogvideox/mq_3d4f0b4731b4__cogvideox__s42.mp4
mqp_5003254,same,seed,5,b,-1.0,"['2', '1']",True,bench_results/bench004/M2/cosmos_super/mq_3db5c30329f8__cosmos_super__s42.mp4,bench_results/bench004/M2/cosmos_super/mq_3db5c30329f8__cosmos_super__s44.mp4
mqp_5003269,same,M-S,5,a,1.0,"['1', '2']",True,bench_results/bench004/M1/hunyuan/mq_3ece02201232__hunyuan__s44.mp4,bench_results/bench004/M2/cosmos_nano/mq_3ece02201232__cosmos_nano__s43.mp4
mqp_5003275,BB,W-S,5,tie,0.0,"['2', '2']",False,bench_results/bench004/M3/cogvideox/mq_3f69f86a29ef__cogvideox__s43.mp4,bench_results/bench004/M3/ltx/mq_3f69f86a29ef__ltx__s43.mp4
mqp_5003289,B,M-S,5,a,1.0,"['1', '2']",True,bench_results/bench004/M2/cosmos_nano/mq_41771c566f7a__cosmos_nano__s44.mp4,bench_results/bench004/M2/cosmos_super/mq_41771c566f7a__cosmos_super__s43.mp4
mqp_5003290,same,seed,5,a,1.0,"['1', '2']",True,bench_results/bench004/M1/hunyuan/mq_4177e6f7f3a6__hunyuan__s42.mp4,bench_results/bench004/M1/hunyuan/mq_4177e6f7f3a6__hunyuan__s43.mp4
mqp_5003300,same,seed,5,tie,0.0,"['1', '1']",False,bench_results/bench004/N1/videos/mq_41cb9df507ee__pangu__s43.mp4,bench_results/bench004/N1/videos/mq_41cb9df507ee__pangu__s42.mp4
mqp_5003302,same,W-S,5,b,-1.0,"['2', '1']",True,bench_results/bench004/M1/hunyuan/mq_41ebd68563ab__hunyuan__s42.mp4,bench_results/bench004/M3/wan5b/mq_41ebd68563ab__wan5b__s43.mp4
mqp_5003317,same,W-S,5,b,-1.0,"['2', '1']",True,bench_results/bench004/M2/cosmos_super/mq_439455189cf4__cosmos_super__s44.mp4,bench_results/bench004/M3/wan5b/mq_439455189cf4__wan5b__s43.mp4
mqp_5003320,A,W-S,5,tie,0.0,"['1', '1']",False,bench_results/bench004/M3/wan5b/mq_43a34d05277c__wan5b__s42.mp4,bench_results/bench004/M3/ltx/mq_43a34d05277c__ltx__s44.mp4
mqp_5003325,A,M-M,5,b,-1.0,"['2', '1']",True,bench_results/bench004/M2/cosmos_nano/mq_445ce26f9ea2__cosmos_nano__s44.mp4,bench_results/bench004/N1/videos/mq_445ce26f9ea2__pangu__s42.mp4
mqp_5003327,A,seed,5,tie,0.0,"['1', '1']",False,bench_results/bench004/M2/cosmos_nano/mq_44b6243f3008__cosmos_nano__s44.mp4,bench_results/bench004/M2/cosmos_nano/mq_44b6243f3008__cosmos_nano__s42.mp4
mqp_5003342,same,seed,5,a,1.0,"['1', '2']",True,bench_results/bench004/M3/wan5b/mq_45aa0a29e5a5__wan5b__s43.mp4,bench_results/bench004/M3/wan5b/mq_45aa0a29e5a5__wan5b__s42.mp4
mqp_5003350,same,S-S,5,b,-1.0,"['2', '1']",True,bench_results/bench004/M4/mq_46764127e388__wan14b__s44.mp4,bench_results/bench004/M1/hunyuan/mq_46764127e388__hunyuan__s43.mp4
mqp_5003354,same,S-S,5,tie,0.0,"['2', '2']",False,bench_results/bench004/M2/cosmos_super/mq_46a27ec7a8a5__cosmos_super__s44.mp4,bench_results/bench004/M3/ltx/mq_46a27ec7a8a5__ltx__s44.mp4
mqp_5003361,B,S-S,5,tie,0.0,"['1', '1']",False,bench_results/bench004/M4/mq_471a5711ae89__wan14b__s42.mp4,bench_results/bench004/M3/ltx/mq_471a5711ae89__ltx__s42.mp4
mqp_5003368,same,seed,5,b,-1.0,"['2', '1']",True,bench_results/bench004/M2/cosmos_nano/mq_47cdbbbd0396__cosmos_nano__s43.mp4,bench_results/bench004/M2/cosmos_nano/mq_47cdbbbd0396__cosmos_nano__s44.mp4
mqp_5003373,A,W-M,5,a,1.0,"['1', '2']",True,bench_results/bench004/M3/wan5b/mq_4800b996ddee__wan5b__s43.mp4,bench_results/bench004/N1/videos/mq_4800b996ddee__pangu__s44.mp4
mqp_5003382,same,seed,5,a,1.0,"['1', '2']",True,bench_results/bench004/M4/mq_4915f3d2a36c__wan14b__s42.mp4,bench_results/bench004/M4/mq_4915f3d2a36c__wan14b__s43.mp4
mqp_5003392,A,S-S,5,tie,0.0,"['1', '1']",False,bench_results/bench004/M2/cosmos_super/mq_49b3b7e3ca95__cosmos_super__s42.mp4,bench_results/bench004/M4/mq_49b3b7e3ca95__wan14b__s44.mp4
mqp_5003396,same,seed,5,a,1.0,"['1', '2']",True,bench_results/bench004/M3/ltx/mq_49fdf0472672__ltx__s42.mp4,bench_results/bench004/M3/ltx/mq_49fdf0472672__ltx__s43.mp4
mqp_5003397,BB,M-S,5,b,-1.0,"['2', '1']",True,bench_results/bench004/M2/cosmos_nano/mq_49fdf0472672__cosmos_nano__s43.mp4,bench_results/bench004/M3/ltx/mq_49fdf0472672__ltx__s44.mp4
mqp_5003409,same,seed,5,a,1.0,"['1', '2']",True,bench_results/bench004/N1/videos/mq_4b0938786d4f__pangu__s43.mp4,bench_results/bench004/N1/videos/mq_4b0938786d4f__pangu__s44.mp4
mqp_5003413,A,W-S,5,a,1.0,"['1', '2']",True,bench_results/bench004/M3/ltx/mq_4b61ab7ecdfc__ltx__s44.mp4,bench_results/bench004/M3/cogvideox/mq_4b61ab7ecdfc__cogvideox__s42.mp4
mqp_5003438,B,S-S,5,a,1.0,"['1', '2']",True,bench_results/bench004/M3/ltx/mq_4d6304f29377__ltx__s44.mp4,bench_results/bench004/M1/hunyuan/mq_4d6304f29377__hunyuan__s42.mp4
mqp_5003443,AA,M-S,5,b,-1.0,"['2', '1']",True,bench_results/bench004/M2/cosmos_super/mq_4e5180721848__cosmos_super__s42.mp4,bench_results/bench004/N1/videos/mq_4e5180721848__pangu__s44.mp4
mqp_5003453,A,seed,5,a,1.0,"['1', '2']",True,bench_results/bench004/M3/wan5b/mq_4fee7f0b5dd8__wan5b__s43.mp4,bench_results/bench004/M3/wan5b/mq_4fee7f0b5dd8__wan5b__s42.mp4
mqp_5003459,same,W-S,5,tie,0.0,"['1', '1']",False,bench_results/bench004/M3/wan5b/mq_5066c38f2adf__wan5b__s44.mp4,bench_results/bench004/M4/mq_5066c38f2adf__wan14b__s43.mp4
mqp_5003466,same,seed,5,b,-1.0,"['2', '1']",True,bench_results/bench004/M2/cosmos_super/mq_518e1cca6012__cosmos_super__s42.mp4,bench_results/bench004/M2/cosmos_super/mq_518e1cca6012__cosmos_super__s43.mp4
mqp_5003469,B,M-S,5,b,-1.0,"['2', '1']",True,bench_results/bench004/M2/cosmos_nano/mq_518e1cca6012__cosmos_nano__s42.mp4,bench_results/bench004/M4/mq_518e1cca6012__wan14b__s44.mp4
mqp_5003470,same,W-S,5,tie,0.0,"['1', '1']",False,bench_results/bench004/M2/cosmos_super/mq_52868293c9c6__cosmos_super__s44.mp4,bench_results/bench004/M3/wan5b/mq_52868293c9c6__wan5b__s44.mp4
mqp_5003475,B,S-S,5,a,1.0,"['1', '2']",True,bench_results/bench004/M3/ltx/mq_52bdf5c56961__ltx__s43.mp4,bench_results/bench004/M1/hunyuan/mq_52bdf5c56961__hunyuan__s43.mp4
mqp_5003479,B,W-S,5,tie,0.0,"['1', '1']",False,bench_results/bench004/M3/cogvideox/mq_52e13460d1f6__cogvideox__s44.mp4,bench_results/bench004/M2/cosmos_super/mq_52e13460d1f6__cosmos_super__s42.mp4
mqp_5003491,same,seed,5,tie,0.0,"['1', '1']",False,bench_results/bench004/M3/cogvideox/mq_538082fa7818__cogvideox__s43.mp4,bench_results/bench004/M3/cogvideox/mq_538082fa7818__cogvideox__s42.mp4
mqp_5003496,B,M-S,5,b,-1.0,"['2', '1']",True,bench_results/bench004/M3/ltx/mq_544fbd989a32__ltx__s43.mp4,bench_results/bench004/N1/videos/mq_544fbd989a32__pangu__s43.mp4
mqp_5003502,same,seed,5,tie,0.0,"['1', '1']",False,bench_results/bench004/M3/wan5b/mq_557625da3322__wan5b__s44.mp4,bench_results/bench004/M3/wan5b/mq_557625da3322__wan5b__s43.mp4
mqp_5003543,same,seed,5,a,1.0,"['1', '2']",True,bench_results/bench004/M3/wan5b/mq_5a5462e81695__wan5b__s43.mp4,bench_results/bench004/M3/wan5b/mq_5a5462e81695__wan5b__s44.mp4
mqp_5003545,same,seed,5,a,1.0,"['1', '2']",True,bench_results/bench004/M3/ltx/mq_5a5462e81695__ltx__s44.mp4,bench_results/bench004/M3/ltx/mq_5a5462e81695__ltx__s42.mp4
mqp_5003557,A,W-M,5,tie,0.0,"['1', '1']",False,bench_results/bench004/M2/cosmos_nano/mq_5bbdb4d66600__cosmos_nano__s43.mp4,bench_results/bench004/M3/cogvideox/mq_5bbdb4d66600__cogvideox__s42.mp4
mqp_5003562,same,seed,5,tie,0.0,"['1', '1']",False,bench_results/bench004/M1/hunyuan/mq_5e0b5297a674__hunyuan__s43.mp4,bench_results/bench004/M1/hunyuan/mq_5e0b5297a674__hunyuan__s42.mp4
mqp_5003576,A,W-M,5,a,1.0,"['1', '2']",True,bench_results/bench004/M2/cosmos_nano/mq_5f7d8bef6393__cosmos_nano__s44.mp4,bench_results/bench004/M3/wan5b/mq_5f7d8bef6393__wan5b__s44.mp4
mqp_5003580,A,seed,5,b,-1.0,"['2', '1']",True,bench_results/bench004/M2/cosmos_super/mq_5ff5ba70a196__cosmos_super__s42.mp4,bench_results/bench004/M2/cosmos_super/mq_5ff5ba70a196__cosmos_super__s43.mp4
mqp_5003596,same,W-S,5,tie,0.0,"['1', '1']",False,bench_results/bench004/M2/cosmos_super/mq_6346d11653d6__cosmos_super__s43.mp4,bench_results/bench004/M3/wan5b/mq_6346d11653d6__wan5b__s42.mp4
mqp_5003605,BB,W-M,5,b,-1.0,"['2', '1']",True,bench_results/bench004/M3/cogvideox/mq_64a20b152fb1__cogvideox__s43.mp4,bench_results/bench004/M2/cosmos_nano/mq_64a20b152fb1__cosmos_nano__s44.mp4
mqp_5003616,same,seed,5,a,1.0,"['1', '2']",True,bench_results/bench004/N2/videos/mq_65bef9bcb110__pangu__s43.mp4,bench_results/bench004/N2/videos/mq_65bef9bcb110__pangu__s42.mp4
mqp_5003619,AA,W-S,5,b,-1.0,"['2', '1']",True,bench_results/bench004/M4/mq_665b912d7ec4__wan14b__s42.mp4,bench_results/bench004/M3/wan5b/mq_665b912d7ec4__wan5b__s44.mp4
mqp_5003624,same,seed,5,a,1.0,"['1', '2']",True,bench_results/bench004/M3/cogvideox/mq_6692d0a399a9__cogvideox__s43.mp4,bench_results/bench004/M3/cogvideox/mq_6692d0a399a9__cogvideox__s44.mp4
mqp_5003633,same,seed,5,tie,0.0,"['1', '1']",False,bench_results/bench004/M3/wan5b/mq_66ffdd03da64__wan5b__s43.mp4,bench_results/bench004/M3/wan5b/mq_66ffdd03da64__wan5b__s44.mp4
mqp_5003641,B,S-S,5,a,1.0,"['1', '2']",True,bench_results/bench004/M2/cosmos_super/mq_6ab43ab20744__cosmos_super__s42.mp4,bench_results/bench004/M3/ltx/mq_6ab43ab20744__ltx__s42.mp4
mqp_5003642,AA,M-S,5,a,1.0,"['1', '2']",True,bench_results/bench004/M2/cosmos_super/mq_6c76094a1259__cosmos_super__s44.mp4,bench_results/bench004/M2/cosmos_nano/mq_6c76094a1259__cosmos_nano__s44.mp4
mqp_5003652,A,seed,5,a,1.0,"['1', '2']",True,bench_results/bench004/M4/mq_6de0ec459419__wan14b__s43.mp4,bench_results/bench004/M4/mq_6de0ec459419__wan14b__s42.mp4
mqp_5003671,A,M-M,5,b,-1.0,"['2', '1']",True,bench_results/bench004/M2/cosmos_nano/mq_6fb1d25b45d6__cosmos_nano__s42.mp4,bench_results/bench004/N2/videos/mq_6fb1d25b45d6__pangu__s42.mp4
mqp_5003683,same,M-S,3,tie,0.0,"['1', '1']",False,bench_results/bench004/M2/cosmos_nano/mq_74067b8f2a0f__cosmos_nano__s43.mp4,bench_results/bench004/M2/cosmos_super/mq_74067b8f2a0f__cosmos_super__s44.mp4
mqp_5003686,B,W-M,5,b,-1.0,"['2', '1']",True,bench_results/bench004/M3/cogvideox/mq_742f2de4355c__cogvideox__s42.mp4,bench_results/bench004/N2/videos/mq_742f2de4355c__pangu__s43.mp4
mqp_5003689,same,seed,5,b,-1.0,"['2', '1']",True,bench_results/bench004/M3/wan5b/mq_742f2de4355c__wan5b__s42.mp4,bench_results/bench004/M3/wan5b/mq_742f2de4355c__wan5b__s44.mp4
mqp_5003698,B,W-S,5,b,-1.0,"['2', '1']",True,bench_results/bench004/M3/wan5b/mq_77074e7fc090__wan5b__s44.mp4,bench_results/bench004/M4/mq_77074e7fc090__wan14b__s44.mp4
mqp_5003702,same,seed,5,tie,0.0,"['1', '1']",False,bench_results/bench004/M2/cosmos_nano/mq_7a4b4e1ae89c__cosmos_nano__s43.mp4,bench_results/bench004/M2/cosmos_nano/mq_7a4b4e1ae89c__cosmos_nano__s44.mp4
mqp_5003705,B,M-S,5,tie,0.0,"['2', '2']",False,bench_results/bench004/N2/videos/mq_7a4b4e1ae89c__pangu__s42.mp4,bench_results/bench004/M4/mq_7a4b4e1ae89c__wan14b__s42.mp4
mqp_5003717,same,seed,5,a,1.0,"['1', '2']",True,bench_results/bench004/M4/mq_7cd63f708a11__wan14b__s44.mp4,bench_results/bench004/M4/mq_7cd63f708a11__wan14b__s42.mp4
mqp_5003727,same,seed,5,tie,0.0,"['2', '2']",False,bench_results/bench004/N2/videos/mq_7e6aca7b3e28__pangu__s42.mp4,bench_results/bench004/N2/videos/mq_7e6aca7b3e28__pangu__s43.mp4
mqp_5003728,A,seed,5,b,-1.0,"['2', '1']",True,bench_results/bench004/M3/ltx/mq_7e6aca7b3e28__ltx__s44.mp4,bench_results/bench004/M3/ltx/mq_7e6aca7b3e28__ltx__s42.mp4
mqp_5003743,B,S-S,5,tie,0.0,"['1', '1']",False,bench_results/bench004/M2/cosmos_super/mq_86170ffaf95d__cosmos_super__s44.mp4,bench_results/bench004/M3/ltx/mq_86170ffaf95d__ltx__s44.mp4
mqp_5003747,same,M-S,5,b,-1.0,"['2', '1']",True,bench_results/bench004/M3/ltx/mq_8a086a9d0eb2__ltx__s43.mp4,bench_results/bench004/M2/cosmos_nano/mq_8a086a9d0eb2__cosmos_nano__s44.mp4
mqp_5003758,same,S-S,5,a,1.0,"['1', '2']",True,bench_results/bench004/M3/ltx/mq_8e1c899c9913__ltx__s42.mp4,bench_results/bench004/M2/cosmos_super/mq_8e1c899c9913__cosmos_super__s42.mp4
mqp_5003761,B,S-S,5,b,-1.0,"['2', '1']",True,bench_results/bench004/M4/mq_8e1c899c9913__wan14b__s42.mp4,bench_results/bench004/M1/hunyuan/mq_8e1c899c9913__hunyuan__s43.mp4
mqp_5003768,A,W-S,5,a,1.0,"['1', '2']",True,bench_results/bench004/M3/ltx/mq_8eec0a9203f6__ltx__s43.mp4,bench_results/bench004/M3/cogvideox/mq_8eec0a9203f6__cogvideox__s42.mp4
mqp_5003770,same,seed,5,tie,0.0,"['1', '1']",False,bench_results/bench004/M3/ltx/mq_8fa73e83fb0a__ltx__s44.mp4,bench_results/bench004/M3/ltx/mq_8fa73e83fb0a__ltx__s42.mp4
mqp_5003778,A,W-M,5,a,1.0,"['1', '2']",True,bench_results/bench004/M2/cosmos_nano/mq_922c46348989__cosmos_nano__s44.mp4,bench_results/bench004/M3/cogvideox/mq_922c46348989__cogvideox__s44.mp4
mqp_5003779,B,S-S,5,b,-1.0,"['2', '1']",True,bench_results/bench004/M4/mq_922c46348989__wan14b__s44.mp4,bench_results/bench004/M3/ltx/mq_922c46348989__ltx__s43.mp4
mqp_5003796,same,seed,5,tie,0.0,"['2', '2']",False,bench_results/bench004/M3/wan5b/mq_9df53a0e6ee2__wan5b__s44.mp4,bench_results/bench004/M3/wan5b/mq_9df53a0e6ee2__wan5b__s43.mp4
mqp_5003818,A,seed,5,tie,0.0,"['1', '1']",False,bench_results/bench004/N2/videos/mq_a29bcdef7ddd__pangu__s42.mp4,bench_results/bench004/N2/videos/mq_a29bcdef7ddd__pangu__s43.mp4
mqp_5003820,B,W-S,5,b,-1.0,"['2', '1']",True,bench_results/bench004/M3/wan5b/mq_a29bcdef7ddd__wan5b__s43.mp4,bench_results/bench004/M3/ltx/mq_a29bcdef7ddd__ltx__s43.mp4
mqp_5003824,same,M-S,5,b,-1.0,"['2', '1']",True,bench_results/bench004/M2/cosmos_nano/mq_a29e73914d38__cosmos_nano__s43.mp4,bench_results/bench004/M3/ltx/mq_a29e73914d38__ltx__s44.mp4
mqp_5003826,B,W-M,5,tie,0.0,"['1', '1']",False,bench_results/bench004/M3/cogvideox/mq_a2cc49dfe426__cogvideox__s43.mp4,bench_results/bench004/N2/videos/mq_a2cc49dfe426__pangu__s43.mp4
mqp_5003833,same,M-M,5,tie,0.0,"['1', '1']",False,bench_results/bench004/M2/cosmos_nano/mq_a55eeef91b1f__cosmos_nano__s42.mp4,bench_results/bench004/N2/videos/mq_a55eeef91b1f__pangu__s44.mp4
mqp_5003836,B,S-S,5,b,-1.0,"['2', '1']",True,bench_results/bench004/M3/ltx/mq_a75877006196__ltx__s44.mp4,bench_results/bench004/M1/hunyuan/mq_a75877006196__hunyuan__s42.mp4
mqp_5003840,same,seed,5,a,1.0,"['1', '2']",True,bench_results/bench004/M3/cogvideox/mq_a80b9a00c631__cogvideox__s42.mp4,bench_results/bench004/M3/cogvideox/mq_a80b9a00c631__cogvideox__s44.mp4
mqp_5003850,B,seed,5,tie,0.0,"['1', '1']",False,bench_results/bench004/M3/ltx/mq_ad3eb5cbada1__ltx__s42.mp4,bench_results/bench004/M3/ltx/mq_ad3eb5cbada1__ltx__s43.mp4
mqp_5003879,same,seed,5,tie,0.0,"['1', '1']",False,bench_results/bench004/M3/wan5b/mq_c34df4165ed0__wan5b__s42.mp4,bench_results/bench004/M3/wan5b/mq_c34df4165ed0__wan5b__s44.mp4
mqp_5003882,B,seed,5,tie,0.0,"['1', '1']",False,bench_results/bench004/M1/hunyuan/mq_c4d86b0dca63__hunyuan__s43.mp4,bench_results/bench004/M1/hunyuan/mq_c4d86b0dca63__hunyuan__s42.mp4
mqp_5003883,same,seed,5,a,1.0,"['1', '2']",True,bench_results/bench004/N2/videos/mq_c4d86b0dca63__pangu__s42.mp4,bench_results/bench004/N2/videos/mq_c4d86b0dca63__pangu__s43.mp4
mqp_5003887,B,W-S,2,b,-1.0,"['2', '1']",True,bench_results/bench004/M3/cogvideox/mq_c5c38a2ed77e__cogvideox__s43.mp4,bench_results/bench004/M2/cosmos_super/mq_c5c38a2ed77e__cosmos_super__s44.mp4
mqp_5003895,same,seed,5,tie,0.0,"['1', '1']",False,bench_results/bench004/M3/ltx/mq_c74b6a81fb4c__ltx__s43.mp4,bench_results/bench004/M3/ltx/mq_c74b6a81fb4c__ltx__s44.mp4
mqp_5003907,AA,W-S,5,a,1.0,"['1', '2']",True,bench_results/bench004/M3/ltx/mq_c8e4be366e83__ltx__s42.mp4,bench_results/bench004/M3/cogvideox/mq_c8e4be366e83__cogvideox__s43.mp4
mqp_5003920,B,seed,5,b,-1.0,"['2', '1']",True,bench_results/bench004/M3/cogvideox/mq_ce650ed642ed__cogvideox__s42.mp4,bench_results/bench004/M3/cogvideox/mq_ce650ed642ed__cogvideox__s44.mp4
mqp_5003923,B,W-S,5,tie,0.0,"['1', '1']",False,bench_results/bench004/M3/wan5b/mq_d0f0cf98ff36__wan5b__s44.mp4,bench_results/bench004/M1/hunyuan/mq_d0f0cf98ff36__hunyuan__s43.mp4
mqp_5003937,same,seed,5,b,-1.0,"['2', '1']",True,bench_results/bench004/M1/hunyuan/mq_d652896a27c7__hunyuan__s43.mp4,bench_results/bench004/M1/hunyuan/mq_d652896a27c7__hunyuan__s44.mp4
mqp_5003942,same,W-M,5,a,1.0,"['1', '2']",True,bench_results/bench004/N2/videos/mq_d7a758557607__pangu__s44.mp4,bench_results/bench004/M3/wan5b/mq_d7a758557607__wan5b__s42.mp4
mqp_5003950,AA,M-S,5,a,1.0,"['1', '2']",True,bench_results/bench004/M2/cosmos_super/mq_dcb524088c78__cosmos_super__s44.mp4,bench_results/bench004/M2/cosmos_nano/mq_dcb524088c78__cosmos_nano__s42.mp4
mqp_5003956,A,W-S,5,a,1.0,"['1', '2']",True,bench_results/bench004/M1/hunyuan/mq_dcbc0520c3b0__hunyuan__s42.mp4,bench_results/bench004/M3/cogvideox/mq_dcbc0520c3b0__cogvideox__s44.mp4
mqp_5003959,same,S-S,5,a,1.0,"['1', '2']",True,bench_results/bench004/M1/hunyuan/mq_dd53668e752b__hunyuan__s42.mp4,bench_results/bench004/M4/mq_dd53668e752b__wan14b__s42.mp4
mqp_5003960,B,S-S,5,b,-1.0,"['2', '1']",True,bench_results/bench004/M2/cosmos_super/mq_dd53668e752b__cosmos_super__s42.mp4,bench_results/bench004/M1/hunyuan/mq_dd53668e752b__hunyuan__s43.mp4
mqp_5003982,AA,W-S,5,b,-1.0,"['2', '1']",True,bench_results/bench004/M4/mq_ecc4e8bda964__wan14b__s42.mp4,bench_results/bench004/M3/wan5b/mq_ecc4e8bda964__wan5b__s42.mp4
mqp_5003983,AA,M-S,5,b,-1.0,"['2', '1']",True,bench_results/bench004/M4/mq_ecc4e8bda964__wan14b__s43.mp4,bench_results/bench004/N2/videos/mq_ecc4e8bda964__pangu__s42.mp4
mqp_5003988,A,M-S,5,a,1.0,"['1', '2']",True,bench_results/bench004/N2/videos/mq_ef6a2225b636__pangu__s43.mp4,bench_results/bench004/M2/cosmos_super/mq_ef6a2225b636__cosmos_super__s43.mp4
mqp_5004007,B,W-S,5,a,1.0,"['1', '2']",True,bench_results/bench004/M3/wan5b/mq_f6a4e495203d__wan5b__s44.mp4,bench_results/bench004/M1/hunyuan/mq_f6a4e495203d__hunyuan__s44.mp4
mqp_5004032,B,seed,5,b,-1.0,"['2', '1']",True,bench_results/bench004/M3/wan5b/mq_fd20a35c6952__wan5b__s43.mp4,bench_results/bench004/M3/wan5b/mq_fd20a35c6952__wan5b__s44.mp4
